{
  "__bundle__": {
    "quality": 0.022856101324179645,
    "cost": -0.5626887779689214,
    "latency": -0.15532408146697496,
    "manual": -0.10582921024074798
  }
}
