{
  "__bundle__": {
    "quality": 0.006302306270383302,
    "cost": -0.5012037299428913,
    "latency": -0.05554149459056312,
    "manual": -0.056832772417591285
  }
}
