{
  "__bundle__": {
    "quality": 0.01542868521543689,
    "cost": -0.6379190705684008,
    "latency": -0.09515796708730173,
    "manual": -0.07647652899593713
  }
}
