{
  "__bundle__": {
    "quality": 0.01880850884014518,
    "cost": -0.6470231792014622,
    "latency": -0.10166824633097205,
    "manual": -0.10351334858567095
  }
}
