{
  "__bundle__": {
    "quality": 0.022728975058331036,
    "cost": -0.612894379785928,
    "latency": -0.05090102179939471,
    "manual": -0.11512112777768083
  }
}
