{
  "__bundle__": {
    "quality": 0.014248206196378597,
    "cost": -0.5606862380271449,
    "latency": -0.08744493562478217,
    "manual": -0.08743966572914567
  }
}
