{
  "__bundle__": {
    "quality": 0.01792969162752799,
    "cost": -0.47667099434773674,
    "latency": -0.07277079775150319,
    "manual": -0.09126905191058715
  }
}
