{
  "__bundle__": {
    "quality": 0.014792182310981151,
    "cost": -0.5568868580001558,
    "latency": -0.020914763300725392,
    "manual": -0.07998243062963305
  }
}
