{
  "__bundle__": {
    "quality": 0.017228151811155192,
    "cost": -0.6704602146286083,
    "latency": -0.11161628214272479,
    "manual": -0.10314967648901052
  }
}
