{
  "__bundle__": {
    "quality": 0.01944300640801653,
    "cost": -0.6626408258356444,
    "latency": -0.09614342735149661,
    "manual": -0.11049634453529497
  }
}
