{
  "__bundle__": {
    "quality": 0.016470942596185235,
    "cost": -0.6310139833965378,
    "latency": -0.1035984026358191,
    "manual": -0.10055193691392134
  }
}
