{
  "__bundle__": {
    "quality": 0.019310345617786367,
    "cost": -0.6613083142775393,
    "latency": -0.0947724417296334,
    "manual": -0.11080765759523586
  }
}
