{
  "environment": "claude-code",
  "A": {
    "total_tasks": 100,
    "quality_pass_rate": 0.88,
    "cost_per_task": 2.43187986,
    "p95_task_latency": 7.11769,
    "manual_intervention_rate": 0.07
  },
  "B": {
    "total_tasks": 100,
    "quality_pass_rate": 0.86,
    "cost_per_task": 2.2456814499999997,
    "p95_task_latency": 7.782045,
    "manual_intervention_rate": 0.12
  },
  "deltas": {
    "delta_quality": -0.020000000000000018,
    "delta_cost": -0.07656562853396888,
    "delta_latency": 0.0933385691144178,
    "delta_manual_intervention": 0.04999999999999999
  }
}
