{
  "__bundle__": {
    "quality": 0.02163064438130201,
    "cost": -0.6422716207399781,
    "latency": -0.07259464250210523,
    "manual": -0.1118820443954369
  }
}
