{
  "__bundle__": {
    "quality": 0.018779022717848235,
    "cost": -0.635285807970819,
    "latency": -0.07208005417702623,
    "manual": -0.09002913217796818
  }
}
