{
  "__bundle__": {
    "quality": 0.018000205855484543,
    "cost": -0.6733553857315158,
    "latency": -0.10831296366662269,
    "manual": -0.10480866112232111
  }
}
