{
  "__bundle__": {
    "quality": 0.017609063621635165,
    "cost": -0.6703883253636038,
    "latency": -0.11119098176010611,
    "manual": -0.1040271116622726
  }
}
