{
  "__bundle__": {
    "quality": 0.011139026416929614,
    "cost": -0.26140940080619457,
    "latency": -0.0013410844950254575,
    "manual": -0.04778394868095724
  }
}
