{
  "A": {
    "total_tasks": 12,
    "quality_pass_rate": 0.8333333333333334,
    "cost_per_task": 1.9884439166666665,
    "p95_task_latency": 7.748298000000001,
    "manual_intervention_rate": 0.0
  },
  "B": {
    "total_tasks": 12,
    "quality_pass_rate": 1.0,
    "cost_per_task": 1.7739124999999998,
    "p95_task_latency": 7.377578499999999,
    "manual_intervention_rate": 0.0
  },
  "deltas": {
    "delta_quality": 0.16666666666666663,
    "delta_cost": -0.107889096025548,
    "delta_latency": -0.04784528163475406,
    "delta_manual_intervention": 0.0
  }
}
