{
  "__bundle__": {
    "quality": 0.015253920887038825,
    "cost": -0.5798800435978027,
    "latency": -0.019535950464484086,
    "manual": -0.08188035494142894
  }
}
