{
  "decision": "REVISE",
  "reasons": [
    "meets quality floor but does not satisfy keep thresholds"
  ],
  "combined_deltas": {
    "delta_quality": 0.03500000000000003,
    "delta_cost": -0.05773953369538735,
    "delta_latency": 0.035893286402591144,
    "delta_manual_intervention": -0.05500000000000001
  }
}
