{
  "__bundle__": {
    "quality": 0.017907997471763522,
    "cost": -0.6066561153377952,
    "latency": -0.13409797021958259,
    "manual": -0.09258346371194845
  }
}
