{
  "__bundle__": {
    "quality": 0.019165125754636303,
    "cost": -0.6592024447835698,
    "latency": -0.0955934839527045,
    "manual": -0.10982395539997653
  }
}
