{
  "__bundle__": {
    "quality": 0.01847024198775952,
    "cost": -0.6588994332801639,
    "latency": -0.12129771477060991,
    "manual": -0.10139534326096711
  }
}
