{
  "environment": "codex",
  "A": {
    "total_tasks": 50,
    "quality_pass_rate": 0.88,
    "cost_per_task": 1.9606603200000001,
    "p95_task_latency": 7.628675,
    "manual_intervention_rate": 0.02
  },
  "B": {
    "total_tasks": 50,
    "quality_pass_rate": 0.86,
    "cost_per_task": 1.8564971,
    "p95_task_latency": 8.254992,
    "manual_intervention_rate": 0.12
  },
  "deltas": {
    "delta_quality": -0.020000000000000018,
    "delta_cost": -0.053126601756290054,
    "delta_latency": 0.08210036474223889,
    "delta_manual_intervention": 0.09999999999999999
  }
}
