{
  "__bundle__": {
    "quality": 0.014858800452206862,
    "cost": -0.5169032270402288,
    "latency": -0.0505426216897078,
    "manual": -0.07938564717999588
  }
}
