{
  "__bundle__": {
    "quality": 0.020819588619317493,
    "cost": -0.6357160736337066,
    "latency": -0.08337036031044465,
    "manual": -0.10993402763949808
  }
}
