{
  "__bundle__": {
    "quality": 0.011802884996343898,
    "cost": -0.5497174013304424,
    "latency": -0.17197140069455374,
    "manual": -0.0668906632081169
  }
}
