{
  "A": {
    "total_tasks": 100,
    "quality_pass_rate": 0.87,
    "cost_per_task": 2.01128537,
    "p95_task_latency": 8.064748,
    "manual_intervention_rate": 0.03
  },
  "B": {
    "total_tasks": 100,
    "quality_pass_rate": 0.9,
    "cost_per_task": 1.8499847399999998,
    "p95_task_latency": 7.645083499999999,
    "manual_intervention_rate": 0.11
  },
  "deltas": {
    "delta_quality": 0.030000000000000027,
    "delta_cost": -0.08019778416625194,
    "delta_latency": -0.05203690183499851,
    "delta_manual_intervention": 0.08
  }
}
