{
  "__bundle__": {
    "quality": 0.01628919351636077,
    "cost": -0.6284620288559364,
    "latency": -0.10895714550780156,
    "manual": -0.09865314850441591
  }
}
