{
  "__bundle__": {
    "quality": 0.009263715419975595,
    "cost": -0.4077128105045724,
    "latency": 0.06540735421682609,
    "manual": -0.05479650214335996
  }
}
