{
  "__bundle__": {
    "quality": 0.019405920679615864,
    "cost": -0.6635296432123572,
    "latency": -0.09541579764987207,
    "manual": -0.11025744621924272
  }
}
