{
  "__bundle__": {
    "quality": 0.011721554814573931,
    "cost": -0.5923607131155015,
    "latency": -0.08062914282922973,
    "manual": -0.0780030205915873
  }
}
