{
  "decision": "DROP",
  "reasons": [
    "quality non-inferiority failed in at least one environment"
  ],
  "combined_deltas": {
    "delta_quality": -0.050000000000000044,
    "delta_cost": -0.037909334796991025,
    "delta_latency": 0.07095259917326013,
    "delta_manual_intervention": 0.06999999999999999
  }
}
