{
  "__bundle__": {
    "quality": 0.019439217848225058,
    "cost": -0.6418257609803514,
    "latency": -0.10366410832890649,
    "manual": -0.10569523861407824
  }
}
