{
  "__bundle__": {
    "quality": 0.015990119214527625,
    "cost": -0.6352067706956719,
    "latency": -0.10665810299436285,
    "manual": -0.09748265190132202
  }
}
