{
  "environment": "codex",
  "A": {
    "total_tasks": 50,
    "quality_pass_rate": 0.88,
    "cost_per_task": 2.32148396,
    "p95_task_latency": 7.726744,
    "manual_intervention_rate": 0.06
  },
  "B": {
    "total_tasks": 50,
    "quality_pass_rate": 0.9,
    "cost_per_task": 2.23254946,
    "p95_task_latency": 7.902764,
    "manual_intervention_rate": 0.04
  },
  "deltas": {
    "delta_quality": 0.020000000000000018,
    "delta_cost": -0.03830933210496967,
    "delta_latency": 0.02278061755378466,
    "delta_manual_intervention": -0.019999999999999997
  }
}
