{
  "__bundle__": {
    "quality": 0.019014384640494254,
    "cost": -0.6430549424072494,
    "latency": -0.09778481420371443,
    "manual": -0.10436081945151465
  }
}
