{
  "A": {
    "total_tasks": 200,
    "quality_pass_rate": 0.85,
    "cost_per_task": 2.364124655,
    "p95_task_latency": 7.5532205,
    "manual_intervention_rate": 0.07
  },
  "B": {
    "total_tasks": 200,
    "quality_pass_rate": 0.895,
    "cost_per_task": 2.152094565,
    "p95_task_latency": 7.9407645,
    "manual_intervention_rate": 0.085
  },
  "deltas": {
    "delta_quality": 0.04500000000000004,
    "delta_cost": -0.08968651020645942,
    "delta_latency": 0.051308445185732375,
    "delta_manual_intervention": 0.015
  }
}
