{
  "environment": "codex",
  "A": {
    "total_tasks": 100,
    "quality_pass_rate": 0.81,
    "cost_per_task": 2.29301638,
    "p95_task_latency": 7.739583,
    "manual_intervention_rate": 0.09
  },
  "B": {
    "total_tasks": 100,
    "quality_pass_rate": 0.89,
    "cost_per_task": 2.08558618,
    "p95_task_latency": 8.292139,
    "manual_intervention_rate": 0.1
  },
  "deltas": {
    "delta_quality": 0.07999999999999996,
    "delta_cost": -0.09046171750417244,
    "delta_latency": 0.07139351047724418,
    "delta_manual_intervention": 0.010000000000000009
  }
}
