{
  "__bundle__": {
    "quality": 0.01534507229082918,
    "cost": -0.6283520622990857,
    "latency": -0.11232643004024956,
    "manual": -0.09520798899951256
  }
}
