{
  "__bundle__": {
    "quality": 0.00646378690562651,
    "cost": -0.48820302220952216,
    "latency": -0.05398031361986455,
    "manual": -0.0704477928410607
  }
}
