{
  "environment": "codex",
  "A": {
    "total_tasks": 100,
    "quality_pass_rate": 0.87,
    "cost_per_task": 2.2994992300000003,
    "p95_task_latency": 7.592131,
    "manual_intervention_rate": 0.03
  },
  "B": {
    "total_tasks": 100,
    "quality_pass_rate": 0.85,
    "cost_per_task": 2.1779588000000003,
    "p95_task_latency": 7.607916,
    "manual_intervention_rate": 0.1
  },
  "deltas": {
    "delta_quality": -0.020000000000000018,
    "delta_cost": -0.052855173167420465,
    "delta_latency": 0.0020791264007431064,
    "delta_manual_intervention": 0.07
  }
}
