{
  "__bundle__": {
    "quality": 0.018754555648178087,
    "cost": -0.6585748688514119,
    "latency": -0.12126127038592671,
    "manual": -0.10298204322837627
  }
}
