{
  "__bundle__": {
    "quality": 0.011924619249848147,
    "cost": -0.5746851662569044,
    "latency": -0.07661903952791294,
    "manual": -0.07696117171410573
  }
}
