{
  "__bundle__": {
    "quality": 0.016982688668030127,
    "cost": -0.6517628126056549,
    "latency": -0.09823959371333102,
    "manual": -0.10344584294556694
  }
}
