{
  "__bundle__": {
    "quality": 0.009185892864832162,
    "cost": -0.5904359235402927,
    "latency": -0.0940081035809972,
    "manual": -0.0761869193854072
  }
}
