{
  "__bundle__": {
    "quality": 0.015316055815871293,
    "cost": -0.6305757138004491,
    "latency": -0.08618509610326774,
    "manual": -0.10167957670776467
  }
}
