{
  "__bundle__": {
    "quality": 0.01766485574693488,
    "cost": -0.6129503173550229,
    "latency": -0.07255131669824888,
    "manual": -0.08070818537353297
  }
}
