{
  "__bundle__": {
    "quality": 0.011832714782737149,
    "cost": -0.46116590695568804,
    "latency": 0.05714778920037533,
    "manual": -0.05401216790824344
  }
}
