{
  "__bundle__": {
    "quality": 0.017023674205196376,
    "cost": -0.638977601125783,
    "latency": -0.11035145664739177,
    "manual": -0.10379370091773293
  }
}
