{
  "environment": "claude-code",
  "A": {
    "total_tasks": 6,
    "quality_pass_rate": 1.0,
    "cost_per_task": 2.0300555,
    "p95_task_latency": 6.905609,
    "manual_intervention_rate": 0.16666666666666666
  },
  "B": {
    "total_tasks": 6,
    "quality_pass_rate": 1.0,
    "cost_per_task": 1.8675498333333334,
    "p95_task_latency": 7.184814,
    "manual_intervention_rate": 0.0
  },
  "deltas": {
    "delta_quality": 0.0,
    "delta_cost": -0.08004986398976119,
    "delta_latency": 0.040431625943490306,
    "delta_manual_intervention": -0.16666666666666666
  }
}
