{
  "A": {
    "total_tasks": 12,
    "quality_pass_rate": 0.8333333333333334,
    "cost_per_task": 1.9747193333333335,
    "p95_task_latency": 7.526266500000001,
    "manual_intervention_rate": 0.08333333333333333
  },
  "B": {
    "total_tasks": 12,
    "quality_pass_rate": 1.0,
    "cost_per_task": 1.8058896666666666,
    "p95_task_latency": 7.102844500000001,
    "manual_intervention_rate": 0.16666666666666666
  },
  "deltas": {
    "delta_quality": 0.16666666666666663,
    "delta_cost": -0.08549552527127072,
    "delta_latency": -0.05625923557184699,
    "delta_manual_intervention": 0.08333333333333333
  }
}
