{
  "environment": "codex",
  "A": {
    "total_tasks": 6,
    "quality_pass_rate": 0.6666666666666666,
    "cost_per_task": 1.9193831666666668,
    "p95_task_latency": 8.146924,
    "manual_intervention_rate": 0.0
  },
  "B": {
    "total_tasks": 6,
    "quality_pass_rate": 1.0,
    "cost_per_task": 1.7442295,
    "p95_task_latency": 7.020875,
    "manual_intervention_rate": 0.3333333333333333
  },
  "deltas": {
    "delta_quality": 0.33333333333333337,
    "delta_cost": -0.09125518536814647,
    "delta_latency": -0.1382176880501156,
    "delta_manual_intervention": 0.3333333333333333
  }
}
