{
  "environment": "claude-code",
  "A": {
    "total_tasks": 6,
    "quality_pass_rate": 0.8333333333333334,
    "cost_per_task": 2.0433220000000003,
    "p95_task_latency": 6.833163,
    "manual_intervention_rate": 0.0
  },
  "B": {
    "total_tasks": 6,
    "quality_pass_rate": 1.0,
    "cost_per_task": 1.9929895,
    "p95_task_latency": 7.384429,
    "manual_intervention_rate": 0.0
  },
  "deltas": {
    "delta_quality": 0.16666666666666663,
    "delta_cost": -0.02463268148632488,
    "delta_latency": 0.08067508414478039,
    "delta_manual_intervention": 0.0
  }
}
