{
  "environment": "codex",
  "A": {
    "total_tasks": 6,
    "quality_pass_rate": 0.8333333333333334,
    "cost_per_task": 1.9399316666666666,
    "p95_task_latency": 7.752368,
    "manual_intervention_rate": 0.16666666666666666
  },
  "B": {
    "total_tasks": 6,
    "quality_pass_rate": 0.8333333333333334,
    "cost_per_task": 1.8946765,
    "p95_task_latency": 7.353084,
    "manual_intervention_rate": 0.0
  },
  "deltas": {
    "delta_quality": 0.0,
    "delta_cost": -0.023328227197006002,
    "delta_latency": -0.05150477892690334,
    "delta_manual_intervention": -0.16666666666666666
  }
}
