{
  "environment": "claude-code",
  "A": {
    "total_tasks": 6,
    "quality_pass_rate": 1.0,
    "cost_per_task": 2.075590666666667,
    "p95_task_latency": 7.702961,
    "manual_intervention_rate": 0.0
  },
  "B": {
    "total_tasks": 6,
    "quality_pass_rate": 1.0,
    "cost_per_task": 1.9796461666666667,
    "p95_task_latency": 7.288697,
    "manual_intervention_rate": 0.16666666666666666
  },
  "deltas": {
    "delta_quality": 0.0,
    "delta_cost": -0.04622515486354732,
    "delta_latency": -0.05377983868800584,
    "delta_manual_intervention": 0.16666666666666666
  }
}
