{
  "__bundle__": {
    "quality": 0.018957854662533368,
    "cost": -0.6459225845711134,
    "latency": -0.10862774836594169,
    "manual": -0.10546301749988043
  }
}
