{
  "__bundle__": {
    "quality": 0.017730926353754506,
    "cost": -0.6709760203277839,
    "latency": -0.11056208956490754,
    "manual": -0.10381518873174281
  }
}
