{
  "__bundle__": {
    "quality": 0.02023335137668775,
    "cost": -0.6309579001165957,
    "latency": -0.08114464541242361,
    "manual": -0.10470115750983922
  }
}
