{
  "__bundle__": {
    "quality": 0.019530859639705994,
    "cost": -0.6474673662589333,
    "latency": -0.0983935728086267,
    "manual": -0.10736572573092601
  }
}
