{
  "__bundle__": {
    "quality": 0.017449848588846233,
    "cost": -0.6686095060596035,
    "latency": -0.11099693623904094,
    "manual": -0.10368500990822684
  }
}
