{
  "__bundle__": {
    "quality": 0.02052744633855193,
    "cost": -0.6479143855481047,
    "latency": -0.07330901711343996,
    "manual": -0.10981576648076846
  }
}
