{
  "__bundle__": {
    "quality": 0.016052991171693173,
    "cost": -0.5659549703822575,
    "latency": 0.01986442355880924,
    "manual": -0.06569381449646788
  }
}
