{
  "decision": "DROP",
  "reasons": [
    "quality non-inferiority failed in at least one environment"
  ],
  "combined_deltas": {
    "delta_quality": -0.015000000000000013,
    "delta_cost": -0.04392516257103604,
    "delta_latency": 0.03557654178408265,
    "delta_manual_intervention": 0.0050000000000000044
  }
}
