{
  "environment": "codex",
  "A": {
    "total_tasks": 100,
    "quality_pass_rate": 0.85,
    "cost_per_task": 2.30171426,
    "p95_task_latency": 7.59563,
    "manual_intervention_rate": 0.09
  },
  "B": {
    "total_tasks": 100,
    "quality_pass_rate": 0.83,
    "cost_per_task": 2.2058578399999997,
    "p95_task_latency": 8.003595,
    "manual_intervention_rate": 0.12
  },
  "deltas": {
    "delta_quality": -0.020000000000000018,
    "delta_cost": -0.04164566456654792,
    "delta_latency": 0.053710488794214674,
    "delta_manual_intervention": 0.03
  }
}
