{
  "A": {
    "total_tasks": 200,
    "quality_pass_rate": 0.87,
    "cost_per_task": 2.3747849499999996,
    "p95_task_latency": 7.397655500000001,
    "manual_intervention_rate": 0.08
  },
  "B": {
    "total_tasks": 200,
    "quality_pass_rate": 0.855,
    "cost_per_task": 2.270472135,
    "p95_task_latency": 7.6608385,
    "manual_intervention_rate": 0.085
  },
  "deltas": {
    "delta_quality": -0.015000000000000013,
    "delta_cost": -0.04392516257103604,
    "delta_latency": 0.03557654178408265,
    "delta_manual_intervention": 0.0050000000000000044
  }
}
