{
  "environment": "claude-code",
  "A": {
    "total_tasks": 100,
    "quality_pass_rate": 0.89,
    "cost_per_task": 2.4478556399999998,
    "p95_task_latency": 7.199681,
    "manual_intervention_rate": 0.07
  },
  "B": {
    "total_tasks": 100,
    "quality_pass_rate": 0.88,
    "cost_per_task": 2.33508643,
    "p95_task_latency": 7.318082,
    "manual_intervention_rate": 0.05
  },
  "deltas": {
    "delta_quality": -0.010000000000000009,
    "delta_cost": -0.046068570448868355,
    "delta_latency": 0.01644531195201571,
    "delta_manual_intervention": -0.020000000000000004
  }
}
