{
  "decision": "DROP",
  "reasons": [
    "quality non-inferiority failed in at least one environment"
  ],
  "combined_deltas": {
    "delta_quality": 0.040000000000000036,
    "delta_cost": -0.08817196671774312,
    "delta_latency": 0.02859281303510731,
    "delta_manual_intervention": 0.020000000000000004
  }
}
