{
  "A": {
    "total_tasks": 12,
    "quality_pass_rate": 1.0,
    "cost_per_task": 1.9825082500000002,
    "p95_task_latency": 7.734292,
    "manual_intervention_rate": 0.08333333333333333
  },
  "B": {
    "total_tasks": 12,
    "quality_pass_rate": 0.75,
    "cost_per_task": 1.9260004166666667,
    "p95_task_latency": 8.19504,
    "manual_intervention_rate": 0.0
  },
  "deltas": {
    "delta_quality": -0.25,
    "delta_cost": -0.028503202109415447,
    "delta_latency": 0.059572097872694824,
    "delta_manual_intervention": -0.08333333333333333
  }
}
