{
  "environment": "codex",
  "A": {
    "total_tasks": 6,
    "quality_pass_rate": 1.0,
    "cost_per_task": 1.9047011666666667,
    "p95_task_latency": 7.554516,
    "manual_intervention_rate": 0.16666666666666666
  },
  "B": {
    "total_tasks": 6,
    "quality_pass_rate": 0.6666666666666666,
    "cost_per_task": 1.8715845,
    "p95_task_latency": 8.45449,
    "manual_intervention_rate": 0.0
  },
  "deltas": {
    "delta_quality": -0.33333333333333337,
    "delta_cost": -0.017386804421726007,
    "delta_latency": 0.11913059685094324,
    "delta_manual_intervention": -0.16666666666666666
  }
}
