{
  "environment": "claude-code",
  "A": {
    "total_tasks": 6,
    "quality_pass_rate": 1.0,
    "cost_per_task": 2.0603153333333335,
    "p95_task_latency": 7.914068,
    "manual_intervention_rate": 0.0
  },
  "B": {
    "total_tasks": 6,
    "quality_pass_rate": 0.8333333333333334,
    "cost_per_task": 1.9804163333333333,
    "p95_task_latency": 7.93559,
    "manual_intervention_rate": 0.0
  },
  "deltas": {
    "delta_quality": -0.16666666666666663,
    "delta_cost": -0.03877998610568681,
    "delta_latency": 0.0027194610913123364,
    "delta_manual_intervention": 0.0
  }
}
