{
  "__bundle__": {
    "quality": 0.01917444737100231,
    "cost": -0.6413869410025617,
    "latency": -0.09540908457088804,
    "manual": -0.10420723484536436
  }
}
