{
  "__bundle__": {
    "quality": 0.014650418643515505,
    "cost": -0.6563305851823451,
    "latency": -0.13037664285141848,
    "manual": -0.09686353347445023
  }
}
