{
  "__bundle__": {
    "quality": 0.019323142633371693,
    "cost": -0.6530464801070979,
    "latency": -0.10381857675509931,
    "manual": -0.10986482814598893
  }
}
