{
  "__bundle__": {
    "quality": 0.012243375777629134,
    "cost": -0.4703115477607762,
    "latency": -0.08647698379405022,
    "manual": -0.0629783533389307
  }
}
