{
  "__bundle__": {
    "quality": 0.01586466529144769,
    "cost": -0.6264221292917906,
    "latency": -0.10010520713765914,
    "manual": -0.09671189053534562
  }
}
