{
  "__bundle__": {
    "quality": 0.01745557810163935,
    "cost": -0.6705627605513853,
    "latency": -0.11332769163415823,
    "manual": -0.10360886398022025
  }
}
