{
  "__bundle__": {
    "quality": 0.015483774717750304,
    "cost": -0.6315199686358564,
    "latency": -0.1098243650772247,
    "manual": -0.0736499245218817
  }
}
