{
  "__bundle__": {
    "quality": 0.009070828972284492,
    "cost": -0.6048140759822256,
    "latency": -0.09711952010485447,
    "manual": -0.07772466849828691
  }
}
