{
  "__bundle__": {
    "quality": 0.018642757004935166,
    "cost": -0.6547419643057428,
    "latency": -0.10489821037744695,
    "manual": -0.10735689951133848
  }
}
