{
  "__bundle__": {
    "quality": 0.018357025744721436,
    "cost": -0.6478539586315843,
    "latency": -0.11036029752853693,
    "manual": -0.10393632851065007
  }
}
