{
  "decision": "DROP",
  "reasons": [
    "quality non-inferiority failed in at least one environment"
  ],
  "combined_deltas": {
    "delta_quality": -0.09999999999999998,
    "delta_cost": -0.08051615746106691,
    "delta_latency": 0.07365996866474732,
    "delta_manual_intervention": -0.060000000000000005
  }
}
