{
  "__bundle__": {
    "quality": 0.011382991929099449,
    "cost": -0.5361325665133485,
    "latency": -0.024918631202380914,
    "manual": -0.06261816925236957
  }
}
