{
  "__bundle__": {
    "quality": 0.00806124176102996,
    "cost": -0.23877235524788443,
    "latency": 0.02502441295667568,
    "manual": -0.022999940275654166
  }
}
