{
  "environment": "codex",
  "A": {
    "total_tasks": 6,
    "quality_pass_rate": 1.0,
    "cost_per_task": 1.917935,
    "p95_task_latency": 8.295304,
    "manual_intervention_rate": 0.0
  },
  "B": {
    "total_tasks": 6,
    "quality_pass_rate": 0.8333333333333334,
    "cost_per_task": 1.8406288333333334,
    "p95_task_latency": 7.514557,
    "manual_intervention_rate": 0.0
  },
  "deltas": {
    "delta_quality": -0.16666666666666663,
    "delta_cost": -0.04030697946836914,
    "delta_latency": -0.09411915464460373,
    "delta_manual_intervention": 0.0
  }
}
