{
  "__bundle__": {
    "quality": 0.01819570234284354,
    "cost": -0.6225840317233993,
    "latency": -0.03610329959342118,
    "manual": -0.11041628723623369
  }
}
