{
  "__bundle__": {
    "quality": 0.017515004190011518,
    "cost": -0.6243237566852291,
    "latency": -0.10144589265590809,
    "manual": -0.09914724802723822
  }
}
