{
  "__bundle__": {
    "quality": 0.01796312345047086,
    "cost": -0.5765335330404507,
    "latency": -0.05660299174623251,
    "manual": -0.09270308897814998
  }
}
