{
  "__bundle__": {
    "quality": 0.01949791819577427,
    "cost": -0.6536649339092913,
    "latency": -0.09528586528175231,
    "manual": -0.11006104928179905
  }
}
