{
  "__bundle__": {
    "quality": 0.020758204069928697,
    "cost": -0.648538521180596,
    "latency": -0.07749966435035727,
    "manual": -0.11035083254333912
  }
}
