{
  "__bundle__": {
    "quality": 0.010808691379542467,
    "cost": -0.5888974732096051,
    "latency": -0.06351049151855626,
    "manual": -0.0657952879185831
  }
}
