{
  "__bundle__": {
    "quality": 0.01784827499286389,
    "cost": -0.6693184637200422,
    "latency": -0.10667410054913007,
    "manual": -0.10392160736048738
  }
}
