{
  "__bundle__": {
    "quality": 0.009710977289875791,
    "cost": -0.5907989940923429,
    "latency": -0.10198233175003002,
    "manual": -0.07973240367692974
  }
}
