{
  "__bundle__": {
    "quality": 0.01874976151545849,
    "cost": -0.6524851010203089,
    "latency": -0.10383474413203908,
    "manual": -0.10776987354229231
  }
}
