{
  "__bundle__": {
    "quality": 0.018852141950799817,
    "cost": -0.595019238041,
    "latency": -0.04053029940151376,
    "manual": -0.10074010946606082
  }
}
