{
  "__bundle__": {
    "quality": 0.02181050980975045,
    "cost": -0.6478676001612509,
    "latency": 0.017462751413153343,
    "manual": -0.11909673627681835
  }
}
