{
  "A": {
    "total_tasks": 12,
    "quality_pass_rate": 0.8333333333333334,
    "cost_per_task": 1.9960206666666664,
    "p95_task_latency": 7.816631999999999,
    "manual_intervention_rate": 0.16666666666666666
  },
  "B": {
    "total_tasks": 12,
    "quality_pass_rate": 0.9166666666666666,
    "cost_per_task": 1.7389423333333334,
    "p95_task_latency": 8.099714,
    "manual_intervention_rate": 0.08333333333333333
  },
  "deltas": {
    "delta_quality": 0.08333333333333326,
    "delta_cost": -0.12879542663385907,
    "delta_latency": 0.03621534185055676,
    "delta_manual_intervention": -0.08333333333333333
  }
}
