{
  "environment": "codex",
  "A": {
    "total_tasks": 6,
    "quality_pass_rate": 0.6666666666666666,
    "cost_per_task": 1.9479413333333333,
    "p95_task_latency": 7.74409,
    "manual_intervention_rate": 0.3333333333333333
  },
  "B": {
    "total_tasks": 6,
    "quality_pass_rate": 0.8333333333333334,
    "cost_per_task": 1.6959925,
    "p95_task_latency": 8.286693,
    "manual_intervention_rate": 0.16666666666666666
  },
  "deltas": {
    "delta_quality": 0.16666666666666674,
    "delta_cost": -0.12934107871831868,
    "delta_latency": 0.0700667218485322,
    "delta_manual_intervention": -0.16666666666666666
  }
}
