{
  "__bundle__": {
    "quality": 0.01751492047236023,
    "cost": -0.6337048797218665,
    "latency": -0.11266484965007517,
    "manual": -0.1009597794882666
  }
}
