{
  "environment": "codex",
  "A": {
    "total_tasks": 100,
    "quality_pass_rate": 0.92,
    "cost_per_task": 2.29605558,
    "p95_task_latency": 8.198827,
    "manual_intervention_rate": 0.12
  },
  "B": {
    "total_tasks": 100,
    "quality_pass_rate": 0.88,
    "cost_per_task": 2.26773998,
    "p95_task_latency": 7.516878,
    "manual_intervention_rate": 0.08
  },
  "deltas": {
    "delta_quality": -0.040000000000000036,
    "delta_cost": -0.012332279865803595,
    "delta_latency": -0.08317641047920629,
    "delta_manual_intervention": -0.039999999999999994
  }
}
