{
  "A": {
    "total_tasks": 200,
    "quality_pass_rate": 0.895,
    "cost_per_task": 2.366924805,
    "p95_task_latency": 7.7638355,
    "manual_intervention_rate": 0.075
  },
  "B": {
    "total_tasks": 200,
    "quality_pass_rate": 0.895,
    "cost_per_task": 2.3400530899999996,
    "p95_task_latency": 7.5725605,
    "manual_intervention_rate": 0.06
  },
  "deltas": {
    "delta_quality": 0.0,
    "delta_cost": -0.011353007473340669,
    "delta_latency": -0.024636663154442167,
    "delta_manual_intervention": -0.015
  }
}
