{
  "__bundle__": {
    "quality": 0.018843818526017523,
    "cost": -0.5985724460300885,
    "latency": -0.06599613521147163,
    "manual": -0.08688263681362962
  }
}
