{
  "__bundle__": {
    "quality": 0.019549566890877425,
    "cost": -0.6415446489452671,
    "latency": -0.10403359035892645,
    "manual": -0.10569587540278211
  }
}
