{
  "__bundle__": {
    "quality": 0.014956252037940956,
    "cost": -0.5978966606306872,
    "latency": -0.1174472047646069,
    "manual": -0.09572855978151928
  }
}
