{
  "__bundle__": {
    "quality": 0.01526503715607342,
    "cost": -0.6116266520130078,
    "latency": -0.10262851665844797,
    "manual": -0.07358075429386339
  }
}
