{
  "__bundle__": {
    "quality": 0.01368878747764078,
    "cost": -0.6184453610880374,
    "latency": -0.12213817671427707,
    "manual": -0.09779863114937667
  }
}
