{
  "__bundle__": {
    "quality": 0.020904422874194608,
    "cost": -0.6541912840044773,
    "latency": -0.0791365748110987,
    "manual": -0.11242766337473958
  }
}
