{
  "__bundle__": {
    "quality": 0.021251312906363208,
    "cost": -0.5887392850486814,
    "latency": -0.13022850850643874,
    "manual": -0.10477494150406458
  }
}
