{
  "__bundle__": {
    "quality": 0.01486427202462951,
    "cost": -0.6332989877069366,
    "latency": -0.11617423570286833,
    "manual": -0.10003816059452159
  }
}
