{
  "decision": "REVISE",
  "reasons": [
    "meets quality floor but does not satisfy keep thresholds"
  ],
  "combined_deltas": {
    "delta_quality": 0.050000000000000044,
    "delta_cost": -0.07918465084476377,
    "delta_latency": -0.04326323737535237,
    "delta_manual_intervention": -0.09000000000000001
  }
}
