{
  "__bundle__": {
    "quality": 0.017274011700394935,
    "cost": -0.6346793327622432,
    "latency": -0.08584493655430248,
    "manual": -0.10301000359282357
  }
}
