{
  "decision": "DROP",
  "reasons": [
    "quality non-inferiority failed in at least one environment"
  ],
  "combined_deltas": {
    "delta_quality": -0.16666666666666674,
    "delta_cost": -0.060762742997816505,
    "delta_latency": -0.029043978274521733,
    "delta_manual_intervention": 0.08333333333333333
  }
}
