{
  "__bundle__": {
    "quality": 0.020542821310131732,
    "cost": -0.6364372573328384,
    "latency": -0.08128000006700253,
    "manual": -0.10884566458319375
  }
}
