ggml_cuda_init: found 1 ROCm devices (Total VRAM: 65520 MiB):
  Device 0: AMD Instinct MI210, gfx90a:sramecc+:xnack- (0x90a), VMM: no, Wave Size: 64, VRAM: 65520 MiB
Testing 2 devices

Backend 1/2: ROCm0
  Device description: AMD Instinct MI210
  Device memory: 65520 MB (65416 MB free)

  MUL_MAT(type_a=f32,type_b=f32,m=16,n=1,k=256,bs=[1,1],nr=[1,1],per=[0,1,2,3],k_v=0,o=1): [1;32mOK[0m
  MUL_MAT(type_a=f32,type_b=f32,m=16,n=2,k=256,bs=[1,1],nr=[1,1],per=[0,1,2,3],k_v=0,o=1): [1;32mOK[0m
  MUL_MAT(type_a=f32,type_b=f32,m=16,n=3,k=256,bs=[1,1],nr=[1,1],per=[0,1,2,3],k_v=0,o=1): [1;32mOK[0m
  MUL_MAT(type_a=f32,type_b=f32,m=16,n=4,k=256,bs=[1,1],nr=[1,1],per=[0,1,2,3],k_v=0,o=1): [1;32mOK[0m
  MUL_MAT(type_a=f32,type_b=f32,m=16,n=5,k=256,bs=[1,1],nr=[1,1],per=[0,1,2,3],k_v=0,o=1): ggml_backend_cuda_graph_compute: CUDA graph warmup complete
ggml_backend_cuda_graph_compute: CUDA graph warmup complete
ggml_backend_cuda_graph_compute: CUDA graph warmup complete
[1;32mOK[0m
  MUL_MAT(type_a=f32,type_b=f32,m=16,n=6,k=256,bs=[1,1],nr=[1,1],per=[0,1,2,3],k_v=0,o=1): [1;32mOK[0m
  MUL_MAT(type_a=f32,type_b=f32,m=16,n=7,k=256,bs=[1,1],nr=[1,1],per=[0,1,2,3],k_v=0,o=1): [1;32mOK[0m
  MUL_MAT(type_a=f32,type_b=f32,m=16,n=8,k=256,bs=[1,1],nr=[1,1],per=[0,1,2,3],k_v=0,o=1): [1;32mOK[0m
  MUL_MAT(type_a=f32,type_b=f32,m=16,n=9,k=256,bs=[1,1],nr=[1,1],per=[0,1,2,3],k_v=0,o=1): ggml_backend_cuda_graph_compute: CUDA graph warmup reset
ggml_backend_cuda_graph_compute: CUDA graph warmup reset
[1;32mOK[0m
  MUL_MAT(type_a=f16,type_b=f32,m=16,n=1,k=256,bs=[1,1],nr=[1,1],per=[0,1,2,3],k_v=0,o=1): ggml_backend_cuda_graph_compute: CUDA graph warmup reset
[1;32mOK[0m
  MUL_MAT(type_a=f16,type_b=f32,m=16,n=2,k=256,bs=[1,1],nr=[1,1],per=[0,1,2,3],k_v=0,o=1): [1;32mOK[0m
  MUL_MAT(type_a=f16,type_b=f32,m=16,n=3,k=256,bs=[1,1],nr=[1,1],per=[0,1,2,3],k_v=0,o=1): [1;32mOK[0m
  MUL_MAT(type_a=f16,type_b=f32,m=16,n=4,k=256,bs=[1,1],nr=[1,1],per=[0,1,2,3],k_v=0,o=1): ggml_backend_cuda_graph_compute: CUDA graph warmup complete
ggml_backend_cuda_graph_compute: CUDA graph warmup complete
ggml_backend_cuda_graph_compute: CUDA graph warmup complete
[1;32mOK[0m
  MUL_MAT(type_a=f16,type_b=f32,m=16,n=5,k=256,bs=[1,1],nr=[1,1],per=[0,1,2,3],k_v=0,o=1): [1;32mOK[0m
  MUL_MAT(type_a=f16,type_b=f32,m=16,n=6,k=256,bs=[1,1],nr=[1,1],per=[0,1,2,3],k_v=0,o=1): [1;32mOK[0m
  MUL_MAT(type_a=f16,type_b=f32,m=16,n=7,k=256,bs=[1,1],nr=[1,1],per=[0,1,2,3],k_v=0,o=1): [1;32mOK[0m
  MUL_MAT(type_a=f16,type_b=f32,m=16,n=8,k=256,bs=[1,1],nr=[1,1],per=[0,1,2,3],k_v=0,o=1): [1;32mOK[0m
  MUL_MAT(type_a=f16,type_b=f32,m=16,n=9,k=256,bs=[1,1],nr=[1,1],per=[0,1,2,3],k_v=0,o=1): ggml_backend_cuda_graph_compute: CUDA graph warmup reset
[1;32mOK[0m
  MUL_MAT(type_a=bf16,type_b=f32,m=16,n=1,k=256,bs=[1,1],nr=[1,1],per=[0,1,2,3],k_v=0,o=1): ggml_backend_cuda_graph_compute: CUDA graph warmup reset
ggml_backend_cuda_graph_compute: CUDA graph warmup reset
[1;32mOK[0m
  MUL_MAT(type_a=bf16,type_b=f32,m=16,n=2,k=256,bs=[1,1],nr=[1,1],per=[0,1,2,3],k_v=0,o=1): [1;32mOK[0m
  MUL_MAT(type_a=bf16,type_b=f32,m=16,n=3,k=256,bs=[1,1],nr=[1,1],per=[0,1,2,3],k_v=0,o=1): [1;32mOK[0m
  MUL_MAT(type_a=bf16,type_b=f32,m=16,n=4,k=256,bs=[1,1],nr=[1,1],per=[0,1,2,3],k_v=0,o=1): [1;32mOK[0m
  MUL_MAT(type_a=bf16,type_b=f32,m=16,n=5,k=256,bs=[1,1],nr=[1,1],per=[0,1,2,3],k_v=0,o=1): ggml_backend_cuda_graph_compute: CUDA graph warmup complete
ggml_backend_cuda_graph_compute: CUDA graph warmup complete
ggml_backend_cuda_graph_compute: CUDA graph warmup complete
[1;32mOK[0m
  MUL_MAT(type_a=bf16,type_b=f32,m=16,n=6,k=256,bs=[1,1],nr=[1,1],per=[0,1,2,3],k_v=0,o=1): [1;32mOK[0m
  MUL_MAT(type_a=bf16,type_b=f32,m=16,n=7,k=256,bs=[1,1],nr=[1,1],per=[0,1,2,3],k_v=0,o=1): [1;32mOK[0m
  MUL_MAT(type_a=bf16,type_b=f32,m=16,n=8,k=256,bs=[1,1],nr=[1,1],per=[0,1,2,3],k_v=0,o=1): [1;32mOK[0m
  MUL_MAT(type_a=bf16,type_b=f32,m=16,n=9,k=256,bs=[1,1],nr=[1,1],per=[0,1,2,3],k_v=0,o=1): ggml_backend_cuda_graph_compute: CUDA graph warmup reset
[1;32mOK[0m
  MUL_MAT(type_a=q4_0,type_b=f32,m=16,n=1,k=256,bs=[1,1],nr=[1,1],per=[0,1,2,3],k_v=0,o=1): [1;32mOK[0m
  MUL_MAT(type_a=q4_0,type_b=f32,m=16,n=2,k=256,bs=[1,1],nr=[1,1],per=[0,1,2,3],k_v=0,o=1): ggml_backend_cuda_graph_compute: CUDA graph warmup complete
ggml_backend_cuda_graph_compute: CUDA graph warmup complete
[1;32mOK[0m
  MUL_MAT(type_a=q4_0,type_b=f32,m=16,n=3,k=256,bs=[1,1],nr=[1,1],per=[0,1,2,3],k_v=0,o=1): ggml_backend_cuda_graph_compute: CUDA graph warmup reset
ggml_backend_cuda_graph_compute: CUDA graph warmup reset
[1;32mOK[0m
  MUL_MAT(type_a=q4_0,type_b=f32,m=16,n=4,k=256,bs=[1,1],nr=[1,1],per=[0,1,2,3],k_v=0,o=1): [1;32mOK[0m
  MUL_MAT(type_a=q4_0,type_b=f32,m=16,n=5,k=256,bs=[1,1],nr=[1,1],per=[0,1,2,3],k_v=0,o=1): [1;32mOK[0m
  MUL_MAT(type_a=q4_0,type_b=f32,m=16,n=6,k=256,bs=[1,1],nr=[1,1],per=[0,1,2,3],k_v=0,o=1): [1;32mOK[0m
  MUL_MAT(type_a=q4_0,type_b=f32,m=16,n=7,k=256,bs=[1,1],nr=[1,1],per=[0,1,2,3],k_v=0,o=1): [1;32mOK[0m
  MUL_MAT(type_a=q4_0,type_b=f32,m=16,n=8,k=256,bs=[1,1],nr=[1,1],per=[0,1,2,3],k_v=0,o=1): [1;32mOK[0m
  MUL_MAT(type_a=q4_0,type_b=f32,m=16,n=9,k=256,bs=[1,1],nr=[1,1],per=[0,1,2,3],k_v=0,o=1): ggml_backend_cuda_graph_compute: CUDA graph warmup complete
[1;32mOK[0m
  MUL_MAT(type_a=q4_1,type_b=f32,m=16,n=1,k=256,bs=[1,1],nr=[1,1],per=[0,1,2,3],k_v=0,o=1): ggml_backend_cuda_graph_compute: CUDA graph warmup reset
[1;32mOK[0m
  MUL_MAT(type_a=q4_1,type_b=f32,m=16,n=2,k=256,bs=[1,1],nr=[1,1],per=[0,1,2,3],k_v=0,o=1): [1;32mOK[0m
  MUL_MAT(type_a=q4_1,type_b=f32,m=16,n=3,k=256,bs=[1,1],nr=[1,1],per=[0,1,2,3],k_v=0,o=1): [1;32mOK[0m
  MUL_MAT(type_a=q4_1,type_b=f32,m=16,n=4,k=256,bs=[1,1],nr=[1,1],per=[0,1,2,3],k_v=0,o=1): [1;32mOK[0m
  MUL_MAT(type_a=q4_1,type_b=f32,m=16,n=5,k=256,bs=[1,1],nr=[1,1],per=[0,1,2,3],k_v=0,o=1): [1;32mOK[0m
  MUL_MAT(type_a=q4_1,type_b=f32,m=16,n=6,k=256,bs=[1,1],nr=[1,1],per=[0,1,2,3],k_v=0,o=1): [1;32mOK[0m
  MUL_MAT(type_a=q4_1,type_b=f32,m=16,n=7,k=256,bs=[1,1],nr=[1,1],per=[0,1,2,3],k_v=0,o=1): [1;32mOK[0m
  MUL_MAT(type_a=q4_1,type_b=f32,m=16,n=8,k=256,bs=[1,1],nr=[1,1],per=[0,1,2,3],k_v=0,o=1): [1;32mOK[0m
  MUL_MAT(type_a=q4_1,type_b=f32,m=16,n=9,k=256,bs=[1,1],nr=[1,1],per=[0,1,2,3],k_v=0,o=1): [1;32mOK[0m
  MUL_MAT(type_a=q5_0,type_b=f32,m=16,n=1,k=256,bs=[1,1],nr=[1,1],per=[0,1,2,3],k_v=0,o=1): [1;32mOK[0m
  MUL_MAT(type_a=q5_0,type_b=f32,m=16,n=2,k=256,bs=[1,1],nr=[1,1],per=[0,1,2,3],k_v=0,o=1): [1;32mOK[0m
  MUL_MAT(type_a=q5_0,type_b=f32,m=16,n=3,k=256,bs=[1,1],nr=[1,1],per=[0,1,2,3],k_v=0,o=1): [1;32mOK[0m
  MUL_MAT(type_a=q5_0,type_b=f32,m=16,n=4,k=256,bs=[1,1],nr=[1,1],per=[0,1,2,3],k_v=0,o=1): [1;32mOK[0m
  MUL_MAT(type_a=q5_0,type_b=f32,m=16,n=5,k=256,bs=[1,1],nr=[1,1],per=[0,1,2,3],k_v=0,o=1): [1;32mOK[0m
  MUL_MAT(type_a=q5_0,type_b=f32,m=16,n=6,k=256,bs=[1,1],nr=[1,1],per=[0,1,2,3],k_v=0,o=1): [1;32mOK[0m
  MUL_MAT(type_a=q5_0,type_b=f32,m=16,n=7,k=256,bs=[1,1],nr=[1,1],per=[0,1,2,3],k_v=0,o=1): [1;32mOK[0m
  MUL_MAT(type_a=q5_0,type_b=f32,m=16,n=8,k=256,bs=[1,1],nr=[1,1],per=[0,1,2,3],k_v=0,o=1): [1;32mOK[0m
  MUL_MAT(type_a=q5_0,type_b=f32,m=16,n=9,k=256,bs=[1,1],nr=[1,1],per=[0,1,2,3],k_v=0,o=1): [1;32mOK[0m
  MUL_MAT(type_a=q5_1,type_b=f32,m=16,n=1,k=256,bs=[1,1],nr=[1,1],per=[0,1,2,3],k_v=0,o=1): [1;32mOK[0m
  MUL_MAT(type_a=q5_1,type_b=f32,m=16,n=2,k=256,bs=[1,1],nr=[1,1],per=[0,1,2,3],k_v=0,o=1): [1;32mOK[0m
  MUL_MAT(type_a=q5_1,type_b=f32,m=16,n=3,k=256,bs=[1,1],nr=[1,1],per=[0,1,2,3],k_v=0,o=1): [1;32mOK[0m
  MUL_MAT(type_a=q5_1,type_b=f32,m=16,n=4,k=256,bs=[1,1],nr=[1,1],per=[0,1,2,3],k_v=0,o=1): [1;32mOK[0m
  MUL_MAT(type_a=q5_1,type_b=f32,m=16,n=5,k=256,bs=[1,1],nr=[1,1],per=[0,1,2,3],k_v=0,o=1): [1;32mOK[0m
  MUL_MAT(type_a=q5_1,type_b=f32,m=16,n=6,k=256,bs=[1,1],nr=[1,1],per=[0,1,2,3],k_v=0,o=1): [1;32mOK[0m
  MUL_MAT(type_a=q5_1,type_b=f32,m=16,n=7,k=256,bs=[1,1],nr=[1,1],per=[0,1,2,3],k_v=0,o=1): [1;32mOK[0m
  MUL_MAT(type_a=q5_1,type_b=f32,m=16,n=8,k=256,bs=[1,1],nr=[1,1],per=[0,1,2,3],k_v=0,o=1): [1;32mOK[0m
  MUL_MAT(type_a=q5_1,type_b=f32,m=16,n=9,k=256,bs=[1,1],nr=[1,1],per=[0,1,2,3],k_v=0,o=1): [1;32mOK[0m
  MUL_MAT(type_a=q8_0,type_b=f32,m=16,n=1,k=256,bs=[1,1],nr=[1,1],per=[0,1,2,3],k_v=0,o=1): [1;32mOK[0m
  MUL_MAT(type_a=q8_0,type_b=f32,m=16,n=2,k=256,bs=[1,1],nr=[1,1],per=[0,1,2,3],k_v=0,o=1): ggml_backend_cuda_graph_compute: CUDA graph warmup complete
ggml_backend_cuda_graph_compute: CUDA graph warmup complete
[1;32mOK[0m
  MUL_MAT(type_a=q8_0,type_b=f32,m=16,n=3,k=256,bs=[1,1],nr=[1,1],per=[0,1,2,3],k_v=0,o=1): ggml_backend_cuda_graph_compute: CUDA graph warmup reset
ggml_backend_cuda_graph_compute: CUDA graph warmup reset
[1;32mOK[0m
  MUL_MAT(type_a=q8_0,type_b=f32,m=16,n=4,k=256,bs=[1,1],nr=[1,1],per=[0,1,2,3],k_v=0,o=1): [1;32mOK[0m
  MUL_MAT(type_a=q8_0,type_b=f32,m=16,n=5,k=256,bs=[1,1],nr=[1,1],per=[0,1,2,3],k_v=0,o=1): [1;32mOK[0m
  MUL_MAT(type_a=q8_0,type_b=f32,m=16,n=6,k=256,bs=[1,1],nr=[1,1],per=[0,1,2,3],k_v=0,o=1): [1;32mOK[0m
  MUL_MAT(type_a=q8_0,type_b=f32,m=16,n=7,k=256,bs=[1,1],nr=[1,1],per=[0,1,2,3],k_v=0,o=1): [1;32mOK[0m
  MUL_MAT(type_a=q8_0,type_b=f32,m=16,n=8,k=256,bs=[1,1],nr=[1,1],per=[0,1,2,3],k_v=0,o=1): [1;32mOK[0m
  MUL_MAT(type_a=q8_0,type_b=f32,m=16,n=9,k=256,bs=[1,1],nr=[1,1],per=[0,1,2,3],k_v=0,o=1): [1;32mOK[0m
  MUL_MAT(type_a=q1_0,type_b=f32,m=16,n=1,k=256,bs=[1,1],nr=[1,1],per=[0,1,2,3],k_v=0,o=1): [1;32mOK[0m
  MUL_MAT(type_a=q1_0,type_b=f32,m=16,n=2,k=256,bs=[1,1],nr=[1,1],per=[0,1,2,3],k_v=0,o=1): [1;32mOK[0m
  MUL_MAT(type_a=q1_0,type_b=f32,m=16,n=3,k=256,bs=[1,1],nr=[1,1],per=[0,1,2,3],k_v=0,o=1): [1;32mOK[0m
  MUL_MAT(type_a=q1_0,type_b=f32,m=16,n=4,k=256,bs=[1,1],nr=[1,1],per=[0,1,2,3],k_v=0,o=1): [1;32mOK[0m
  MUL_MAT(type_a=q1_0,type_b=f32,m=16,n=5,k=256,bs=[1,1],nr=[1,1],per=[0,1,2,3],k_v=0,o=1): [1;32mOK[0m
  MUL_MAT(type_a=q1_0,type_b=f32,m=16,n=6,k=256,bs=[1,1],nr=[1,1],per=[0,1,2,3],k_v=0,o=1): [1;32mOK[0m
  MUL_MAT(type_a=q1_0,type_b=f32,m=16,n=7,k=256,bs=[1,1],nr=[1,1],per=[0,1,2,3],k_v=0,o=1): [1;32mOK[0m
  MUL_MAT(type_a=q1_0,type_b=f32,m=16,n=8,k=256,bs=[1,1],nr=[1,1],per=[0,1,2,3],k_v=0,o=1): [1;32mOK[0m
  MUL_MAT(type_a=q1_0,type_b=f32,m=16,n=9,k=256,bs=[1,1],nr=[1,1],per=[0,1,2,3],k_v=0,o=1): [1;32mOK[0m
  MUL_MAT(type_a=mxfp4,type_b=f32,m=16,n=1,k=256,bs=[1,1],nr=[1,1],per=[0,1,2,3],k_v=0,o=1): [1;32mOK[0m
  MUL_MAT(type_a=mxfp4,type_b=f32,m=16,n=2,k=256,bs=[1,1],nr=[1,1],per=[0,1,2,3],k_v=0,o=1): [1;32mOK[0m
  MUL_MAT(type_a=mxfp4,type_b=f32,m=16,n=3,k=256,bs=[1,1],nr=[1,1],per=[0,1,2,3],k_v=0,o=1): [1;32mOK[0m
  MUL_MAT(type_a=mxfp4,type_b=f32,m=16,n=4,k=256,bs=[1,1],nr=[1,1],per=[0,1,2,3],k_v=0,o=1): [1;32mOK[0m
  MUL_MAT(type_a=mxfp4,type_b=f32,m=16,n=5,k=256,bs=[1,1],nr=[1,1],per=[0,1,2,3],k_v=0,o=1): [1;32mOK[0m
  MUL_MAT(type_a=mxfp4,type_b=f32,m=16,n=6,k=256,bs=[1,1],nr=[1,1],per=[0,1,2,3],k_v=0,o=1): [1;32mOK[0m
  MUL_MAT(type_a=mxfp4,type_b=f32,m=16,n=7,k=256,bs=[1,1],nr=[1,1],per=[0,1,2,3],k_v=0,o=1): [1;32mOK[0m
  MUL_MAT(type_a=mxfp4,type_b=f32,m=16,n=8,k=256,bs=[1,1],nr=[1,1],per=[0,1,2,3],k_v=0,o=1): [1;32mOK[0m
  MUL_MAT(type_a=mxfp4,type_b=f32,m=16,n=9,k=256,bs=[1,1],nr=[1,1],per=[0,1,2,3],k_v=0,o=1): [1;32mOK[0m
  MUL_MAT(type_a=nvfp4,type_b=f32,m=16,n=1,k=256,bs=[1,1],nr=[1,1],per=[0,1,2,3],k_v=0,o=1): [1;32mOK[0m
  MUL_MAT(type_a=nvfp4,type_b=f32,m=16,n=2,k=256,bs=[1,1],nr=[1,1],per=[0,1,2,3],k_v=0,o=1): [1;32mOK[0m
  MUL_MAT(type_a=nvfp4,type_b=f32,m=16,n=3,k=256,bs=[1,1],nr=[1,1],per=[0,1,2,3],k_v=0,o=1): [1;32mOK[0m
  MUL_MAT(type_a=nvfp4,type_b=f32,m=16,n=4,k=256,bs=[1,1],nr=[1,1],per=[0,1,2,3],k_v=0,o=1): [1;32mOK[0m
  MUL_MAT(type_a=nvfp4,type_b=f32,m=16,n=5,k=256,bs=[1,1],nr=[1,1],per=[0,1,2,3],k_v=0,o=1): [1;32mOK[0m
  MUL_MAT(type_a=nvfp4,type_b=f32,m=16,n=6,k=256,bs=[1,1],nr=[1,1],per=[0,1,2,3],k_v=0,o=1): [1;32mOK[0m
  MUL_MAT(type_a=nvfp4,type_b=f32,m=16,n=7,k=256,bs=[1,1],nr=[1,1],per=[0,1,2,3],k_v=0,o=1): [1;32mOK[0m
  MUL_MAT(type_a=nvfp4,type_b=f32,m=16,n=8,k=256,bs=[1,1],nr=[1,1],per=[0,1,2,3],k_v=0,o=1): [1;32mOK[0m
  MUL_MAT(type_a=nvfp4,type_b=f32,m=16,n=9,k=256,bs=[1,1],nr=[1,1],per=[0,1,2,3],k_v=0,o=1): [1;32mOK[0m
  MUL_MAT(type_a=q2_K,type_b=f32,m=16,n=1,k=256,bs=[1,1],nr=[1,1],per=[0,1,2,3],k_v=0,o=1): [1;32mOK[0m
  MUL_MAT(type_a=q2_K,type_b=f32,m=16,n=2,k=256,bs=[1,1],nr=[1,1],per=[0,1,2,3],k_v=0,o=1): [1;32mOK[0m
  MUL_MAT(type_a=q2_K,type_b=f32,m=16,n=3,k=256,bs=[1,1],nr=[1,1],per=[0,1,2,3],k_v=0,o=1): [1;32mOK[0m
  MUL_MAT(type_a=q2_K,type_b=f32,m=16,n=4,k=256,bs=[1,1],nr=[1,1],per=[0,1,2,3],k_v=0,o=1): [1;32mOK[0m
  MUL_MAT(type_a=q2_K,type_b=f32,m=16,n=5,k=256,bs=[1,1],nr=[1,1],per=[0,1,2,3],k_v=0,o=1): [1;32mOK[0m
  MUL_MAT(type_a=q2_K,type_b=f32,m=16,n=6,k=256,bs=[1,1],nr=[1,1],per=[0,1,2,3],k_v=0,o=1): [1;32mOK[0m
  MUL_MAT(type_a=q2_K,type_b=f32,m=16,n=7,k=256,bs=[1,1],nr=[1,1],per=[0,1,2,3],k_v=0,o=1): [1;32mOK[0m
  MUL_MAT(type_a=q2_K,type_b=f32,m=16,n=8,k=256,bs=[1,1],nr=[1,1],per=[0,1,2,3],k_v=0,o=1): [1;32mOK[0m
  MUL_MAT(type_a=q2_K,type_b=f32,m=16,n=9,k=256,bs=[1,1],nr=[1,1],per=[0,1,2,3],k_v=0,o=1): [1;32mOK[0m
  MUL_MAT(type_a=q3_K,type_b=f32,m=16,n=1,k=256,bs=[1,1],nr=[1,1],per=[0,1,2,3],k_v=0,o=1): [1;32mOK[0m
  MUL_MAT(type_a=q3_K,type_b=f32,m=16,n=2,k=256,bs=[1,1],nr=[1,1],per=[0,1,2,3],k_v=0,o=1): [1;32mOK[0m
  MUL_MAT(type_a=q3_K,type_b=f32,m=16,n=3,k=256,bs=[1,1],nr=[1,1],per=[0,1,2,3],k_v=0,o=1): [1;32mOK[0m
  MUL_MAT(type_a=q3_K,type_b=f32,m=16,n=4,k=256,bs=[1,1],nr=[1,1],per=[0,1,2,3],k_v=0,o=1): [1;32mOK[0m
  MUL_MAT(type_a=q3_K,type_b=f32,m=16,n=5,k=256,bs=[1,1],nr=[1,1],per=[0,1,2,3],k_v=0,o=1): [1;32mOK[0m
  MUL_MAT(type_a=q3_K,type_b=f32,m=16,n=6,k=256,bs=[1,1],nr=[1,1],per=[0,1,2,3],k_v=0,o=1): [1;32mOK[0m
  MUL_MAT(type_a=q3_K,type_b=f32,m=16,n=7,k=256,bs=[1,1],nr=[1,1],per=[0,1,2,3],k_v=0,o=1): [1;32mOK[0m
  MUL_MAT(type_a=q3_K,type_b=f32,m=16,n=8,k=256,bs=[1,1],nr=[1,1],per=[0,1,2,3],k_v=0,o=1): [1;32mOK[0m
  MUL_MAT(type_a=q3_K,type_b=f32,m=16,n=9,k=256,bs=[1,1],nr=[1,1],per=[0,1,2,3],k_v=0,o=1): [1;32mOK[0m
  MUL_MAT(type_a=q4_K,type_b=f32,m=16,n=1,k=256,bs=[1,1],nr=[1,1],per=[0,1,2,3],k_v=0,o=1): [1;32mOK[0m
  MUL_MAT(type_a=q4_K,type_b=f32,m=16,n=2,k=256,bs=[1,1],nr=[1,1],per=[0,1,2,3],k_v=0,o=1): [1;32mOK[0m
  MUL_MAT(type_a=q4_K,type_b=f32,m=16,n=3,k=256,bs=[1,1],nr=[1,1],per=[0,1,2,3],k_v=0,o=1): [1;32mOK[0m
  MUL_MAT(type_a=q4_K,type_b=f32,m=16,n=4,k=256,bs=[1,1],nr=[1,1],per=[0,1,2,3],k_v=0,o=1): [1;32mOK[0m
  MUL_MAT(type_a=q4_K,type_b=f32,m=16,n=5,k=256,bs=[1,1],nr=[1,1],per=[0,1,2,3],k_v=0,o=1): [1;32mOK[0m
  MUL_MAT(type_a=q4_K,type_b=f32,m=16,n=6,k=256,bs=[1,1],nr=[1,1],per=[0,1,2,3],k_v=0,o=1): [1;32mOK[0m
  MUL_MAT(type_a=q4_K,type_b=f32,m=16,n=7,k=256,bs=[1,1],nr=[1,1],per=[0,1,2,3],k_v=0,o=1): [1;32mOK[0m
  MUL_MAT(type_a=q4_K,type_b=f32,m=16,n=8,k=256,bs=[1,1],nr=[1,1],per=[0,1,2,3],k_v=0,o=1): [1;32mOK[0m
  MUL_MAT(type_a=q4_K,type_b=f32,m=16,n=9,k=256,bs=[1,1],nr=[1,1],per=[0,1,2,3],k_v=0,o=1): [1;32mOK[0m
  MUL_MAT(type_a=q5_K,type_b=f32,m=16,n=1,k=256,bs=[1,1],nr=[1,1],per=[0,1,2,3],k_v=0,o=1): [1;32mOK[0m
  MUL_MAT(type_a=q5_K,type_b=f32,m=16,n=2,k=256,bs=[1,1],nr=[1,1],per=[0,1,2,3],k_v=0,o=1): [1;32mOK[0m
  MUL_MAT(type_a=q5_K,type_b=f32,m=16,n=3,k=256,bs=[1,1],nr=[1,1],per=[0,1,2,3],k_v=0,o=1): [1;32mOK[0m
  MUL_MAT(type_a=q5_K,type_b=f32,m=16,n=4,k=256,bs=[1,1],nr=[1,1],per=[0,1,2,3],k_v=0,o=1): [1;32mOK[0m
  MUL_MAT(type_a=q5_K,type_b=f32,m=16,n=5,k=256,bs=[1,1],nr=[1,1],per=[0,1,2,3],k_v=0,o=1): [1;32mOK[0m
  MUL_MAT(type_a=q5_K,type_b=f32,m=16,n=6,k=256,bs=[1,1],nr=[1,1],per=[0,1,2,3],k_v=0,o=1): [1;32mOK[0m
  MUL_MAT(type_a=q5_K,type_b=f32,m=16,n=7,k=256,bs=[1,1],nr=[1,1],per=[0,1,2,3],k_v=0,o=1): [1;32mOK[0m
  MUL_MAT(type_a=q5_K,type_b=f32,m=16,n=8,k=256,bs=[1,1],nr=[1,1],per=[0,1,2,3],k_v=0,o=1): [1;32mOK[0m
  MUL_MAT(type_a=q5_K,type_b=f32,m=16,n=9,k=256,bs=[1,1],nr=[1,1],per=[0,1,2,3],k_v=0,o=1): [1;32mOK[0m
  MUL_MAT(type_a=q6_K,type_b=f32,m=16,n=1,k=256,bs=[1,1],nr=[1,1],per=[0,1,2,3],k_v=0,o=1): [1;32mOK[0m
  MUL_MAT(type_a=q6_K,type_b=f32,m=16,n=2,k=256,bs=[1,1],nr=[1,1],per=[0,1,2,3],k_v=0,o=1): [1;32mOK[0m
  MUL_MAT(type_a=q6_K,type_b=f32,m=16,n=3,k=256,bs=[1,1],nr=[1,1],per=[0,1,2,3],k_v=0,o=1): [1;32mOK[0m
  MUL_MAT(type_a=q6_K,type_b=f32,m=16,n=4,k=256,bs=[1,1],nr=[1,1],per=[0,1,2,3],k_v=0,o=1): [1;32mOK[0m
  MUL_MAT(type_a=q6_K,type_b=f32,m=16,n=5,k=256,bs=[1,1],nr=[1,1],per=[0,1,2,3],k_v=0,o=1): [1;32mOK[0m
  MUL_MAT(type_a=q6_K,type_b=f32,m=16,n=6,k=256,bs=[1,1],nr=[1,1],per=[0,1,2,3],k_v=0,o=1): [1;32mOK[0m
  MUL_MAT(type_a=q6_K,type_b=f32,m=16,n=7,k=256,bs=[1,1],nr=[1,1],per=[0,1,2,3],k_v=0,o=1): [1;32mOK[0m
  MUL_MAT(type_a=q6_K,type_b=f32,m=16,n=8,k=256,bs=[1,1],nr=[1,1],per=[0,1,2,3],k_v=0,o=1): [1;32mOK[0m
  MUL_MAT(type_a=q6_K,type_b=f32,m=16,n=9,k=256,bs=[1,1],nr=[1,1],per=[0,1,2,3],k_v=0,o=1): [1;32mOK[0m
  MUL_MAT(type_a=iq2_xxs,type_b=f32,m=16,n=1,k=256,bs=[1,1],nr=[1,1],per=[0,1,2,3],k_v=0,o=1): [1;32mOK[0m
  MUL_MAT(type_a=iq2_xxs,type_b=f32,m=16,n=2,k=256,bs=[1,1],nr=[1,1],per=[0,1,2,3],k_v=0,o=1): [1;32mOK[0m
  MUL_MAT(type_a=iq2_xxs,type_b=f32,m=16,n=3,k=256,bs=[1,1],nr=[1,1],per=[0,1,2,3],k_v=0,o=1): [1;32mOK[0m
  MUL_MAT(type_a=iq2_xxs,type_b=f32,m=16,n=4,k=256,bs=[1,1],nr=[1,1],per=[0,1,2,3],k_v=0,o=1): [1;32mOK[0m
  MUL_MAT(type_a=iq2_xxs,type_b=f32,m=16,n=5,k=256,bs=[1,1],nr=[1,1],per=[0,1,2,3],k_v=0,o=1): [1;32mOK[0m
  MUL_MAT(type_a=iq2_xxs,type_b=f32,m=16,n=6,k=256,bs=[1,1],nr=[1,1],per=[0,1,2,3],k_v=0,o=1): [1;32mOK[0m
  MUL_MAT(type_a=iq2_xxs,type_b=f32,m=16,n=7,k=256,bs=[1,1],nr=[1,1],per=[0,1,2,3],k_v=0,o=1): [1;32mOK[0m
  MUL_MAT(type_a=iq2_xxs,type_b=f32,m=16,n=8,k=256,bs=[1,1],nr=[1,1],per=[0,1,2,3],k_v=0,o=1): [1;32mOK[0m
  MUL_MAT(type_a=iq2_xxs,type_b=f32,m=16,n=9,k=256,bs=[1,1],nr=[1,1],per=[0,1,2,3],k_v=0,o=1): [1;32mOK[0m
  MUL_MAT(type_a=iq2_xs,type_b=f32,m=16,n=1,k=256,bs=[1,1],nr=[1,1],per=[0,1,2,3],k_v=0,o=1): [1;32mOK[0m
  MUL_MAT(type_a=iq2_xs,type_b=f32,m=16,n=2,k=256,bs=[1,1],nr=[1,1],per=[0,1,2,3],k_v=0,o=1): [1;32mOK[0m
  MUL_MAT(type_a=iq2_xs,type_b=f32,m=16,n=3,k=256,bs=[1,1],nr=[1,1],per=[0,1,2,3],k_v=0,o=1): [1;32mOK[0m
  MUL_MAT(type_a=iq2_xs,type_b=f32,m=16,n=4,k=256,bs=[1,1],nr=[1,1],per=[0,1,2,3],k_v=0,o=1): [1;32mOK[0m
  MUL_MAT(type_a=iq2_xs,type_b=f32,m=16,n=5,k=256,bs=[1,1],nr=[1,1],per=[0,1,2,3],k_v=0,o=1): [1;32mOK[0m
  MUL_MAT(type_a=iq2_xs,type_b=f32,m=16,n=6,k=256,bs=[1,1],nr=[1,1],per=[0,1,2,3],k_v=0,o=1): [1;32mOK[0m
  MUL_MAT(type_a=iq2_xs,type_b=f32,m=16,n=7,k=256,bs=[1,1],nr=[1,1],per=[0,1,2,3],k_v=0,o=1): [1;32mOK[0m
  MUL_MAT(type_a=iq2_xs,type_b=f32,m=16,n=8,k=256,bs=[1,1],nr=[1,1],per=[0,1,2,3],k_v=0,o=1): [1;32mOK[0m
  MUL_MAT(type_a=iq2_xs,type_b=f32,m=16,n=9,k=256,bs=[1,1],nr=[1,1],per=[0,1,2,3],k_v=0,o=1): [1;32mOK[0m
  MUL_MAT(type_a=iq2_s,type_b=f32,m=16,n=1,k=256,bs=[1,1],nr=[1,1],per=[0,1,2,3],k_v=0,o=1): [1;32mOK[0m
  MUL_MAT(type_a=iq2_s,type_b=f32,m=16,n=2,k=256,bs=[1,1],nr=[1,1],per=[0,1,2,3],k_v=0,o=1): [1;32mOK[0m
  MUL_MAT(type_a=iq2_s,type_b=f32,m=16,n=3,k=256,bs=[1,1],nr=[1,1],per=[0,1,2,3],k_v=0,o=1): [1;32mOK[0m
  MUL_MAT(type_a=iq2_s,type_b=f32,m=16,n=4,k=256,bs=[1,1],nr=[1,1],per=[0,1,2,3],k_v=0,o=1): [1;32mOK[0m
  MUL_MAT(type_a=iq2_s,type_b=f32,m=16,n=5,k=256,bs=[1,1],nr=[1,1],per=[0,1,2,3],k_v=0,o=1): [1;32mOK[0m
  MUL_MAT(type_a=iq2_s,type_b=f32,m=16,n=6,k=256,bs=[1,1],nr=[1,1],per=[0,1,2,3],k_v=0,o=1): [1;32mOK[0m
  MUL_MAT(type_a=iq2_s,type_b=f32,m=16,n=7,k=256,bs=[1,1],nr=[1,1],per=[0,1,2,3],k_v=0,o=1): [1;32mOK[0m
  MUL_MAT(type_a=iq2_s,type_b=f32,m=16,n=8,k=256,bs=[1,1],nr=[1,1],per=[0,1,2,3],k_v=0,o=1): [1;32mOK[0m
  MUL_MAT(type_a=iq2_s,type_b=f32,m=16,n=9,k=256,bs=[1,1],nr=[1,1],per=[0,1,2,3],k_v=0,o=1): [1;32mOK[0m
  MUL_MAT(type_a=iq3_xxs,type_b=f32,m=16,n=1,k=256,bs=[1,1],nr=[1,1],per=[0,1,2,3],k_v=0,o=1): [1;32mOK[0m
  MUL_MAT(type_a=iq3_xxs,type_b=f32,m=16,n=2,k=256,bs=[1,1],nr=[1,1],per=[0,1,2,3],k_v=0,o=1): [1;32mOK[0m
  MUL_MAT(type_a=iq3_xxs,type_b=f32,m=16,n=3,k=256,bs=[1,1],nr=[1,1],per=[0,1,2,3],k_v=0,o=1): [1;32mOK[0m
  MUL_MAT(type_a=iq3_xxs,type_b=f32,m=16,n=4,k=256,bs=[1,1],nr=[1,1],per=[0,1,2,3],k_v=0,o=1): [1;32mOK[0m
  MUL_MAT(type_a=iq3_xxs,type_b=f32,m=16,n=5,k=256,bs=[1,1],nr=[1,1],per=[0,1,2,3],k_v=0,o=1): [1;32mOK[0m
  MUL_MAT(type_a=iq3_xxs,type_b=f32,m=16,n=6,k=256,bs=[1,1],nr=[1,1],per=[0,1,2,3],k_v=0,o=1): [1;32mOK[0m
  MUL_MAT(type_a=iq3_xxs,type_b=f32,m=16,n=7,k=256,bs=[1,1],nr=[1,1],per=[0,1,2,3],k_v=0,o=1): [1;32mOK[0m
  MUL_MAT(type_a=iq3_xxs,type_b=f32,m=16,n=8,k=256,bs=[1,1],nr=[1,1],per=[0,1,2,3],k_v=0,o=1): [1;32mOK[0m
  MUL_MAT(type_a=iq3_xxs,type_b=f32,m=16,n=9,k=256,bs=[1,1],nr=[1,1],per=[0,1,2,3],k_v=0,o=1): [1;32mOK[0m
  MUL_MAT(type_a=iq1_s,type_b=f32,m=16,n=1,k=256,bs=[1,1],nr=[1,1],per=[0,1,2,3],k_v=0,o=1): [1;32mOK[0m
  MUL_MAT(type_a=iq1_s,type_b=f32,m=16,n=2,k=256,bs=[1,1],nr=[1,1],per=[0,1,2,3],k_v=0,o=1): [1;32mOK[0m
  MUL_MAT(type_a=iq1_s,type_b=f32,m=16,n=3,k=256,bs=[1,1],nr=[1,1],per=[0,1,2,3],k_v=0,o=1): [1;32mOK[0m
  MUL_MAT(type_a=iq1_s,type_b=f32,m=16,n=4,k=256,bs=[1,1],nr=[1,1],per=[0,1,2,3],k_v=0,o=1): [1;32mOK[0m
  MUL_MAT(type_a=iq1_s,type_b=f32,m=16,n=5,k=256,bs=[1,1],nr=[1,1],per=[0,1,2,3],k_v=0,o=1): [1;32mOK[0m
  MUL_MAT(type_a=iq1_s,type_b=f32,m=16,n=6,k=256,bs=[1,1],nr=[1,1],per=[0,1,2,3],k_v=0,o=1): [1;32mOK[0m
  MUL_MAT(type_a=iq1_s,type_b=f32,m=16,n=7,k=256,bs=[1,1],nr=[1,1],per=[0,1,2,3],k_v=0,o=1): [1;32mOK[0m
  MUL_MAT(type_a=iq1_s,type_b=f32,m=16,n=8,k=256,bs=[1,1],nr=[1,1],per=[0,1,2,3],k_v=0,o=1): [1;32mOK[0m
  MUL_MAT(type_a=iq1_s,type_b=f32,m=16,n=9,k=256,bs=[1,1],nr=[1,1],per=[0,1,2,3],k_v=0,o=1): [1;32mOK[0m
  MUL_MAT(type_a=iq1_m,type_b=f32,m=16,n=1,k=256,bs=[1,1],nr=[1,1],per=[0,1,2,3],k_v=0,o=1): [1;32mOK[0m
  MUL_MAT(type_a=iq1_m,type_b=f32,m=16,n=2,k=256,bs=[1,1],nr=[1,1],per=[0,1,2,3],k_v=0,o=1): [1;32mOK[0m
  MUL_MAT(type_a=iq1_m,type_b=f32,m=16,n=3,k=256,bs=[1,1],nr=[1,1],per=[0,1,2,3],k_v=0,o=1): [1;32mOK[0m
  MUL_MAT(type_a=iq1_m,type_b=f32,m=16,n=4,k=256,bs=[1,1],nr=[1,1],per=[0,1,2,3],k_v=0,o=1): [1;32mOK[0m
  MUL_MAT(type_a=iq1_m,type_b=f32,m=16,n=5,k=256,bs=[1,1],nr=[1,1],per=[0,1,2,3],k_v=0,o=1): [1;32mOK[0m
  MUL_MAT(type_a=iq1_m,type_b=f32,m=16,n=6,k=256,bs=[1,1],nr=[1,1],per=[0,1,2,3],k_v=0,o=1): [1;32mOK[0m
  MUL_MAT(type_a=iq1_m,type_b=f32,m=16,n=7,k=256,bs=[1,1],nr=[1,1],per=[0,1,2,3],k_v=0,o=1): [1;32mOK[0m
  MUL_MAT(type_a=iq1_m,type_b=f32,m=16,n=8,k=256,bs=[1,1],nr=[1,1],per=[0,1,2,3],k_v=0,o=1): [1;32mOK[0m
  MUL_MAT(type_a=iq1_m,type_b=f32,m=16,n=9,k=256,bs=[1,1],nr=[1,1],per=[0,1,2,3],k_v=0,o=1): ggml_backend_cuda_graph_compute: CUDA graph warmup complete
[1;32mOK[0m
  MUL_MAT(type_a=iq4_nl,type_b=f32,m=16,n=1,k=256,bs=[1,1],nr=[1,1],per=[0,1,2,3],k_v=0,o=1): ggml_backend_cuda_graph_compute: CUDA graph warmup reset
[1;32mOK[0m
  MUL_MAT(type_a=iq4_nl,type_b=f32,m=16,n=2,k=256,bs=[1,1],nr=[1,1],per=[0,1,2,3],k_v=0,o=1): [1;32mOK[0m
  MUL_MAT(type_a=iq4_nl,type_b=f32,m=16,n=3,k=256,bs=[1,1],nr=[1,1],per=[0,1,2,3],k_v=0,o=1): [1;32mOK[0m
  MUL_MAT(type_a=iq4_nl,type_b=f32,m=16,n=4,k=256,bs=[1,1],nr=[1,1],per=[0,1,2,3],k_v=0,o=1): [1;32mOK[0m
  MUL_MAT(type_a=iq4_nl,type_b=f32,m=16,n=5,k=256,bs=[1,1],nr=[1,1],per=[0,1,2,3],k_v=0,o=1): [1;32mOK[0m
  MUL_MAT(type_a=iq4_nl,type_b=f32,m=16,n=6,k=256,bs=[1,1],nr=[1,1],per=[0,1,2,3],k_v=0,o=1): [1;32mOK[0m
  MUL_MAT(type_a=iq4_nl,type_b=f32,m=16,n=7,k=256,bs=[1,1],nr=[1,1],per=[0,1,2,3],k_v=0,o=1): [1;32mOK[0m
  MUL_MAT(type_a=iq4_nl,type_b=f32,m=16,n=8,k=256,bs=[1,1],nr=[1,1],per=[0,1,2,3],k_v=0,o=1): [1;32mOK[0m
  MUL_MAT(type_a=iq4_nl,type_b=f32,m=16,n=9,k=256,bs=[1,1],nr=[1,1],per=[0,1,2,3],k_v=0,o=1): [1;32mOK[0m
  MUL_MAT(type_a=iq3_s,type_b=f32,m=16,n=1,k=256,bs=[1,1],nr=[1,1],per=[0,1,2,3],k_v=0,o=1): [1;32mOK[0m
  MUL_MAT(type_a=iq3_s,type_b=f32,m=16,n=2,k=256,bs=[1,1],nr=[1,1],per=[0,1,2,3],k_v=0,o=1): [1;32mOK[0m
  MUL_MAT(type_a=iq3_s,type_b=f32,m=16,n=3,k=256,bs=[1,1],nr=[1,1],per=[0,1,2,3],k_v=0,o=1): [1;32mOK[0m
  MUL_MAT(type_a=iq3_s,type_b=f32,m=16,n=4,k=256,bs=[1,1],nr=[1,1],per=[0,1,2,3],k_v=0,o=1): [1;32mOK[0m
  MUL_MAT(type_a=iq3_s,type_b=f32,m=16,n=5,k=256,bs=[1,1],nr=[1,1],per=[0,1,2,3],k_v=0,o=1): [1;32mOK[0m
  MUL_MAT(type_a=iq3_s,type_b=f32,m=16,n=6,k=256,bs=[1,1],nr=[1,1],per=[0,1,2,3],k_v=0,o=1): [1;32mOK[0m
  MUL_MAT(type_a=iq3_s,type_b=f32,m=16,n=7,k=256,bs=[1,1],nr=[1,1],per=[0,1,2,3],k_v=0,o=1): [1;32mOK[0m
  MUL_MAT(type_a=iq3_s,type_b=f32,m=16,n=8,k=256,bs=[1,1],nr=[1,1],per=[0,1,2,3],k_v=0,o=1): [1;32mOK[0m
  MUL_MAT(type_a=iq3_s,type_b=f32,m=16,n=9,k=256,bs=[1,1],nr=[1,1],per=[0,1,2,3],k_v=0,o=1): [1;32mOK[0m
  MUL_MAT(type_a=iq4_xs,type_b=f32,m=16,n=1,k=256,bs=[1,1],nr=[1,1],per=[0,1,2,3],k_v=0,o=1): [1;32mOK[0m
  MUL_MAT(type_a=iq4_xs,type_b=f32,m=16,n=2,k=256,bs=[1,1],nr=[1,1],per=[0,1,2,3],k_v=0,o=1): [1;32mOK[0m
  MUL_MAT(type_a=iq4_xs,type_b=f32,m=16,n=3,k=256,bs=[1,1],nr=[1,1],per=[0,1,2,3],k_v=0,o=1): [1;32mOK[0m
  MUL_MAT(type_a=iq4_xs,type_b=f32,m=16,n=4,k=256,bs=[1,1],nr=[1,1],per=[0,1,2,3],k_v=0,o=1): [1;32mOK[0m
  MUL_MAT(type_a=iq4_xs,type_b=f32,m=16,n=5,k=256,bs=[1,1],nr=[1,1],per=[0,1,2,3],k_v=0,o=1): [1;32mOK[0m
  MUL_MAT(type_a=iq4_xs,type_b=f32,m=16,n=6,k=256,bs=[1,1],nr=[1,1],per=[0,1,2,3],k_v=0,o=1): [1;32mOK[0m
  MUL_MAT(type_a=iq4_xs,type_b=f32,m=16,n=7,k=256,bs=[1,1],nr=[1,1],per=[0,1,2,3],k_v=0,o=1): [1;32mOK[0m
  MUL_MAT(type_a=iq4_xs,type_b=f32,m=16,n=8,k=256,bs=[1,1],nr=[1,1],per=[0,1,2,3],k_v=0,o=1): [1;32mOK[0m
  MUL_MAT(type_a=iq4_xs,type_b=f32,m=16,n=9,k=256,bs=[1,1],nr=[1,1],per=[0,1,2,3],k_v=0,o=1): [1;32mOK[0m
  MUL_MAT(type_a=iq2_xxs,type_b=f32,m=512,n=32,k=256,bs=[1,1],nr=[1,1],per=[0,1,2,3],k_v=0,o=1): [1;32mOK[0m
  MUL_MAT(type_a=iq2_xs,type_b=f32,m=512,n=32,k=256,bs=[1,1],nr=[1,1],per=[0,1,2,3],k_v=0,o=1): ggml_backend_cuda_graph_compute: CUDA graph warmup complete
[1;32mOK[0m
  MUL_MAT(type_a=iq2_s,type_b=f32,m=512,n=32,k=256,bs=[1,1],nr=[1,1],per=[0,1,2,3],k_v=0,o=1): [1;32mOK[0m
  MUL_MAT(type_a=iq3_xxs,type_b=f32,m=512,n=32,k=256,bs=[1,1],nr=[1,1],per=[0,1,2,3],k_v=0,o=1): [1;32mOK[0m
  MUL_MAT(type_a=iq3_s,type_b=f32,m=512,n=32,k=256,bs=[1,1],nr=[1,1],per=[0,1,2,3],k_v=0,o=1): ggml_backend_cuda_graph_compute: CUDA graph warmup reset
[1;32mOK[0m
  MUL_MAT(type_a=q4_0,type_b=f32,m=2880,n=32,k=2880,bs=[1,1],nr=[1,1],per=[0,1,2,3],k_v=0,o=1): [1;32mOK[0m
  MUL_MAT(type_a=q8_0,type_b=f32,m=2880,n=32,k=2880,bs=[1,1],nr=[1,1],per=[0,1,2,3],k_v=0,o=1): [1;32mOK[0m
  MUL_MAT(type_a=mxfp4,type_b=f32,m=2880,n=32,k=2880,bs=[1,1],nr=[1,1],per=[0,1,2,3],k_v=0,o=1): [1;32mOK[0m
  MUL_MAT(type_a=f32,type_b=f32,m=16,n=1,k=256,bs=[1,1],nr=[1,1],per=[0,1,2,3],k_v=0,o=1): [1;32mOK[0m
  MUL_MAT(type_a=f32,type_b=f32,m=16,n=1,k=256,bs=[1,1],nr=[2,1],per=[0,1,2,3],k_v=0,o=1): [1;32mOK[0m
  MUL_MAT(type_a=f32,type_b=f32,m=16,n=1,k=256,bs=[1,1],nr=[1,2],per=[0,1,2,3],k_v=0,o=1): [1;32mOK[0m
  MUL_MAT(type_a=f32,type_b=f32,m=16,n=1,k=256,bs=[3,1],nr=[1,1],per=[0,1,2,3],k_v=0,o=1): [1;32mOK[0m
  MUL_MAT(type_a=f32,type_b=f32,m=16,n=1,k=256,bs=[3,1],nr=[2,1],per=[0,1,2,3],k_v=0,o=1): [1;32mOK[0m
  MUL_MAT(type_a=f32,type_b=f32,m=16,n=1,k=256,bs=[3,2],nr=[1,1],per=[0,1,2,3],k_v=0,o=1): [1;32mOK[0m
  MUL_MAT(type_a=f32,type_b=f32,m=16,n=1,k=256,bs=[3,2],nr=[2,1],per=[0,1,2,3],k_v=0,o=1): [1;32mOK[0m
  MUL_MAT(type_a=f32,type_b=f32,m=16,n=1,k=256,bs=[3,2],nr=[1,2],per=[0,1,2,3],k_v=0,o=1): [1;32mOK[0m
  MUL_MAT(type_a=f32,type_b=f32,m=16,n=1,k=256,bs=[3,2],nr=[2,2],per=[0,1,2,3],k_v=0,o=1): [1;32mOK[0m
  MUL_MAT(type_a=f32,type_b=f32,m=16,n=4,k=256,bs=[3,2],nr=[2,2],per=[0,1,2,3],k_v=0,o=1): ggml_backend_cuda_graph_compute: CUDA graph warmup complete
[1;32mOK[0m
  MUL_MAT(type_a=f32,type_b=f32,m=16,n=16,k=256,bs=[1,1],nr=[1,1],per=[0,1,2,3],k_v=0,o=1): ggml_backend_cuda_graph_compute: CUDA graph warmup complete
ggml_backend_cuda_graph_compute: CUDA graph warmup complete
[1;32mOK[0m
  MUL_MAT(type_a=f32,type_b=f32,m=16,n=16,k=256,bs=[1,1],nr=[2,1],per=[0,1,2,3],k_v=0,o=1): ggml_backend_cuda_graph_compute: CUDA graph warmup complete
ggml_backend_cuda_graph_compute: CUDA graph warmup complete
[1;32mOK[0m
  MUL_MAT(type_a=f32,type_b=f32,m=16,n=16,k=256,bs=[1,1],nr=[1,2],per=[0,1,2,3],k_v=0,o=1): ggml_backend_cuda_graph_compute: CUDA graph warmup reset
ggml_backend_cuda_graph_compute: CUDA graph warmup reset
ggml_backend_cuda_graph_compute: CUDA graph warmup reset
ggml_backend_cuda_graph_compute: CUDA graph warmup reset
ggml_backend_cuda_graph_compute: CUDA graph warmup reset
[1;32mOK[0m
  MUL_MAT(type_a=f32,type_b=f32,m=16,n=16,k=256,bs=[3,1],nr=[1,1],per=[0,1,2,3],k_v=0,o=1): [1;32mOK[0m
  MUL_MAT(type_a=f32,type_b=f32,m=16,n=16,k=256,bs=[3,1],nr=[2,1],per=[0,1,2,3],k_v=0,o=1): [1;32mOK[0m
  MUL_MAT(type_a=f32,type_b=f32,m=16,n=16,k=256,bs=[3,2],nr=[1,1],per=[0,1,2,3],k_v=0,o=1): [1;32mOK[0m
  MUL_MAT(type_a=f32,type_b=f32,m=16,n=16,k=256,bs=[3,2],nr=[2,1],per=[0,1,2,3],k_v=0,o=1): ggml_backend_cuda_graph_compute: CUDA graph warmup complete
ggml_backend_cuda_graph_compute: CUDA graph warmup complete
ggml_backend_cuda_graph_compute: CUDA graph warmup complete
ggml_backend_cuda_graph_compute: CUDA graph warmup complete
[1;32mOK[0m
  MUL_MAT(type_a=f32,type_b=f32,m=16,n=16,k=256,bs=[3,2],nr=[1,2],per=[0,1,2,3],k_v=0,o=1): ggml_backend_cuda_graph_compute: CUDA graph warmup reset
ggml_backend_cuda_graph_compute: CUDA graph warmup reset
ggml_backend_cuda_graph_compute: CUDA graph warmup reset
ggml_backend_cuda_graph_compute: CUDA graph warmup reset
[1;32mOK[0m
  MUL_MAT(type_a=f32,type_b=f32,m=16,n=16,k=256,bs=[3,2],nr=[2,2],per=[0,1,2,3],k_v=0,o=1): [1;32mOK[0m
  MUL_MAT(type_a=f32,type_b=f32,m=16,n=1,k=256,bs=[2,3],nr=[1,1],per=[0,2,1,3],k_v=0,o=1): [1;32mOK[0m
  MUL_MAT(type_a=f32,type_b=f32,m=16,n=1,k=256,bs=[2,3],nr=[1,1],per=[0,1,3,2],k_v=0,o=1): [1;32mOK[0m
  MUL_MAT(type_a=f32,type_b=f32,m=16,n=1,k=256,bs=[2,3],nr=[1,1],per=[0,3,2,1],k_v=0,o=1): [1;32mOK[0m
  MUL_MAT(type_a=f32,type_b=f32,m=16,n=4,k=256,bs=[2,3],nr=[1,1],per=[0,3,2,1],k_v=0,o=1): ggml_backend_cuda_graph_compute: CUDA graph warmup complete
ggml_backend_cuda_graph_compute: CUDA graph warmup complete
[1;32mOK[0m
  MUL_MAT(type_a=f32,type_b=f32,m=16,n=8,k=256,bs=[2,3],nr=[1,1],per=[0,2,1,3],k_v=0,o=1): [1;32mOK[0m
  MUL_MAT(type_a=f32,type_b=f32,m=16,n=8,k=256,bs=[2,3],nr=[1,1],per=[0,1,3,2],k_v=0,o=1): ggml_backend_cuda_graph_compute: CUDA graph warmup complete
ggml_backend_cuda_graph_compute: CUDA graph warmup complete
[1;32mOK[0m
  MUL_MAT(type_a=f32,type_b=f32,m=16,n=8,k=256,bs=[2,3],nr=[1,1],per=[0,3,2,1],k_v=0,o=1): ggml_backend_cuda_graph_compute: CUDA graph warmup complete
ggml_backend_cuda_graph_compute: CUDA graph warmup complete
[1;32mOK[0m
  MUL_MAT(type_a=f32,type_b=f32,m=16,n=16,k=256,bs=[2,3],nr=[1,1],per=[0,2,1,3],k_v=0,o=1): ggml_backend_cuda_graph_compute: CUDA graph warmup complete
ggml_backend_cuda_graph_compute: CUDA graph warmup complete
[1;32mOK[0m
  MUL_MAT(type_a=f32,type_b=f32,m=16,n=16,k=256,bs=[2,3],nr=[1,1],per=[0,1,3,2],k_v=0,o=1): ggml_backend_cuda_graph_compute: CUDA graph warmup reset
ggml_backend_cuda_graph_compute: CUDA graph warmup reset
ggml_backend_cuda_graph_compute: CUDA graph warmup reset
ggml_backend_cuda_graph_compute: CUDA graph warmup reset
[1;32mOK[0m
  MUL_MAT(type_a=f32,type_b=f32,m=16,n=16,k=256,bs=[2,3],nr=[1,1],per=[0,3,2,1],k_v=0,o=1): [1;32mOK[0m
  MUL_MAT(type_a=f32,type_b=f32,m=16,n=1,k=4,bs=[1,1],nr=[1,1],per=[0,1,2,3],k_v=0,o=1): [1;32mOK[0m
  MUL_MAT(type_a=f32,type_b=f32,m=16,n=1,k=4,bs=[1,1],nr=[2,1],per=[0,1,2,3],k_v=0,o=1): [1;32mOK[0m
  MUL_MAT(type_a=f32,type_b=f32,m=16,n=1,k=4,bs=[1,1],nr=[1,2],per=[0,1,2,3],k_v=0,o=1): [1;32mOK[0m
  MUL_MAT(type_a=f32,type_b=f32,m=16,n=1,k=4,bs=[3,1],nr=[1,1],per=[0,1,2,3],k_v=0,o=1): [1;32mOK[0m
  MUL_MAT(type_a=f32,type_b=f32,m=16,n=1,k=4,bs=[3,1],nr=[2,1],per=[0,1,2,3],k_v=0,o=1): [1;32mOK[0m
  MUL_MAT(type_a=f32,type_b=f32,m=16,n=1,k=4,bs=[3,2],nr=[1,1],per=[0,1,2,3],k_v=0,o=1): [1;32mOK[0m
  MUL_MAT(type_a=f32,type_b=f32,m=16,n=1,k=4,bs=[3,2],nr=[2,1],per=[0,1,2,3],k_v=0,o=1): [1;32mOK[0m
  MUL_MAT(type_a=f32,type_b=f32,m=16,n=1,k=4,bs=[3,2],nr=[1,2],per=[0,1,2,3],k_v=0,o=1): [1;32mOK[0m
  MUL_MAT(type_a=f32,type_b=f32,m=16,n=1,k=4,bs=[3,2],nr=[2,2],per=[0,1,2,3],k_v=0,o=1): [1;32mOK[0m
  MUL_MAT(type_a=f32,type_b=f32,m=16,n=4,k=4,bs=[3,2],nr=[2,2],per=[0,1,2,3],k_v=0,o=1): ggml_backend_cuda_graph_compute: CUDA graph warmup complete
[1;32mOK[0m
  MUL_MAT(type_a=f32,type_b=f32,m=16,n=16,k=4,bs=[1,1],nr=[1,1],per=[0,1,2,3],k_v=0,o=1): ggml_backend_cuda_graph_compute: CUDA graph warmup complete
ggml_backend_cuda_graph_compute: CUDA graph warmup complete
[1;32mOK[0m
  MUL_MAT(type_a=f32,type_b=f32,m=16,n=16,k=4,bs=[1,1],nr=[2,1],per=[0,1,2,3],k_v=0,o=1): ggml_backend_cuda_graph_compute: CUDA graph warmup complete
ggml_backend_cuda_graph_compute: CUDA graph warmup complete
[1;32mOK[0m
  MUL_MAT(type_a=f32,type_b=f32,m=16,n=16,k=4,bs=[1,1],nr=[1,2],per=[0,1,2,3],k_v=0,o=1): ggml_backend_cuda_graph_compute: CUDA graph warmup reset
ggml_backend_cuda_graph_compute: CUDA graph warmup reset
ggml_backend_cuda_graph_compute: CUDA graph warmup reset
ggml_backend_cuda_graph_compute: CUDA graph warmup reset
ggml_backend_cuda_graph_compute: CUDA graph warmup reset
[1;32mOK[0m
  MUL_MAT(type_a=f32,type_b=f32,m=16,n=16,k=4,bs=[3,1],nr=[1,1],per=[0,1,2,3],k_v=0,o=1): ggml_backend_cuda_graph_compute: CUDA graph warmup complete
ggml_backend_cuda_graph_compute: CUDA graph warmup complete
ggml_backend_cuda_graph_compute: CUDA graph warmup complete
[1;32mOK[0m
  MUL_MAT(type_a=f32,type_b=f32,m=16,n=16,k=4,bs=[3,1],nr=[2,1],per=[0,1,2,3],k_v=0,o=1): ggml_backend_cuda_graph_compute: CUDA graph warmup reset
[1;32mOK[0m
  MUL_MAT(type_a=f32,type_b=f32,m=16,n=16,k=4,bs=[3,2],nr=[1,1],per=[0,1,2,3],k_v=0,o=1): ggml_backend_cuda_graph_compute: CUDA graph warmup complete
[1;32mOK[0m
  MUL_MAT(type_a=f32,type_b=f32,m=16,n=16,k=4,bs=[3,2],nr=[2,1],per=[0,1,2,3],k_v=0,o=1): ggml_backend_cuda_graph_compute: CUDA graph warmup complete
ggml_backend_cuda_graph_compute: CUDA graph warmup complete
[1;32mOK[0m
  MUL_MAT(type_a=f32,type_b=f32,m=16,n=16,k=4,bs=[3,2],nr=[1,2],per=[0,1,2,3],k_v=0,o=1): ggml_backend_cuda_graph_compute: CUDA graph warmup reset
ggml_backend_cuda_graph_compute: CUDA graph warmup reset
ggml_backend_cuda_graph_compute: CUDA graph warmup reset
ggml_backend_cuda_graph_compute: CUDA graph warmup reset
[1;32mOK[0m
  MUL_MAT(type_a=f32,type_b=f32,m=16,n=16,k=4,bs=[3,2],nr=[2,2],per=[0,1,2,3],k_v=0,o=1): [1;32mOK[0m
  MUL_MAT(type_a=f32,type_b=f32,m=16,n=1,k=4,bs=[2,3],nr=[1,1],per=[0,2,1,3],k_v=0,o=1): [1;32mOK[0m
  MUL_MAT(type_a=f32,type_b=f32,m=16,n=1,k=4,bs=[2,3],nr=[1,1],per=[0,1,3,2],k_v=0,o=1): [1;32mOK[0m
  MUL_MAT(type_a=f32,type_b=f32,m=16,n=1,k=4,bs=[2,3],nr=[1,1],per=[0,3,2,1],k_v=0,o=1): [1;32mOK[0m
  MUL_MAT(type_a=f32,type_b=f32,m=16,n=4,k=4,bs=[2,3],nr=[1,1],per=[0,3,2,1],k_v=0,o=1): ggml_backend_cuda_graph_compute: CUDA graph warmup complete
ggml_backend_cuda_graph_compute: CUDA graph warmup complete
[1;32mOK[0m
  MUL_MAT(type_a=f32,type_b=f32,m=16,n=8,k=4,bs=[2,3],nr=[1,1],per=[0,2,1,3],k_v=0,o=1): ggml_backend_cuda_graph_compute: CUDA graph warmup complete
ggml_backend_cuda_graph_compute: CUDA graph warmup complete
[1;32mOK[0m
  MUL_MAT(type_a=f32,type_b=f32,m=16,n=8,k=4,bs=[2,3],nr=[1,1],per=[0,1,3,2],k_v=0,o=1): [1;32mOK[0m
  MUL_MAT(type_a=f32,type_b=f32,m=16,n=8,k=4,bs=[2,3],nr=[1,1],per=[0,3,2,1],k_v=0,o=1): ggml_backend_cuda_graph_compute: CUDA graph warmup reset
ggml_backend_cuda_graph_compute: CUDA graph warmup reset
[1;32mOK[0m
  MUL_MAT(type_a=f32,type_b=f32,m=16,n=16,k=4,bs=[2,3],nr=[1,1],per=[0,2,1,3],k_v=0,o=1): ggml_backend_cuda_graph_compute: CUDA graph warmup complete
ggml_backend_cuda_graph_compute: CUDA graph warmup complete
[1;32mOK[0m
  MUL_MAT(type_a=f32,type_b=f32,m=16,n=16,k=4,bs=[2,3],nr=[1,1],per=[0,1,3,2],k_v=0,o=1): ggml_backend_cuda_graph_compute: CUDA graph warmup reset
ggml_backend_cuda_graph_compute: CUDA graph warmup reset
ggml_backend_cuda_graph_compute: CUDA graph warmup reset
ggml_backend_cuda_graph_compute: CUDA graph warmup reset
[1;32mOK[0m
  MUL_MAT(type_a=f32,type_b=f32,m=16,n=16,k=4,bs=[2,3],nr=[1,1],per=[0,3,2,1],k_v=0,o=1): [1;32mOK[0m
  MUL_MAT(type_a=f32,type_b=f32,m=16,n=1,k=1024,bs=[3,2],nr=[1,1],per=[0,1,2,3],k_v=0,o=1): [1;32mOK[0m
  MUL_MAT(type_a=f32,type_b=f32,m=16,n=8,k=1024,bs=[3,2],nr=[1,1],per=[0,1,2,3],k_v=0,o=1): ggml_backend_cuda_graph_compute: CUDA graph warmup complete
ggml_backend_cuda_graph_compute: CUDA graph warmup complete
[1;32mOK[0m
  MUL_MAT(type_a=f32,type_b=f32,m=16,n=16,k=1024,bs=[3,2],nr=[1,1],per=[0,1,2,3],k_v=0,o=1): ggml_backend_cuda_graph_compute: CUDA graph warmup reset
ggml_backend_cuda_graph_compute: CUDA graph warmup reset
ggml_backend_cuda_graph_compute: CUDA graph warmup reset
[1;32mOK[0m
  MUL_MAT(type_a=f32,type_b=f32,m=16,n=8,k=256,bs=[1536,1],nr=[1,1],per=[0,1,2,3],k_v=0,o=1): [1;32mOK[0m
  MUL_MAT(type_a=f32,type_b=f16,m=16,n=1,k=256,bs=[1,1],nr=[1,1],per=[0,1,2,3],k_v=0,o=1): not supported [ROCm0] 
  MUL_MAT(type_a=f32,type_b=f16,m=16,n=1,k=256,bs=[1,1],nr=[2,1],per=[0,1,2,3],k_v=0,o=1): not supported [ROCm0] 
  MUL_MAT(type_a=f32,type_b=f16,m=16,n=1,k=256,bs=[1,1],nr=[1,2],per=[0,1,2,3],k_v=0,o=1): not supported [ROCm0] 
  MUL_MAT(type_a=f32,type_b=f16,m=16,n=1,k=256,bs=[3,1],nr=[1,1],per=[0,1,2,3],k_v=0,o=1): not supported [ROCm0] 
  MUL_MAT(type_a=f32,type_b=f16,m=16,n=1,k=256,bs=[3,1],nr=[2,1],per=[0,1,2,3],k_v=0,o=1): not supported [ROCm0] 
  MUL_MAT(type_a=f32,type_b=f16,m=16,n=1,k=256,bs=[3,2],nr=[1,1],per=[0,1,2,3],k_v=0,o=1): not supported [ROCm0] 
  MUL_MAT(type_a=f32,type_b=f16,m=16,n=1,k=256,bs=[3,2],nr=[2,1],per=[0,1,2,3],k_v=0,o=1): not supported [ROCm0] 
  MUL_MAT(type_a=f32,type_b=f16,m=16,n=1,k=256,bs=[3,2],nr=[1,2],per=[0,1,2,3],k_v=0,o=1): not supported [ROCm0] 
  MUL_MAT(type_a=f32,type_b=f16,m=16,n=1,k=256,bs=[3,2],nr=[2,2],per=[0,1,2,3],k_v=0,o=1): not supported [ROCm0] 
  MUL_MAT(type_a=f32,type_b=f16,m=16,n=4,k=256,bs=[3,2],nr=[2,2],per=[0,1,2,3],k_v=0,o=1): not supported [ROCm0] 
  MUL_MAT(type_a=f32,type_b=f16,m=16,n=16,k=256,bs=[1,1],nr=[1,1],per=[0,1,2,3],k_v=0,o=1): not supported [ROCm0] 
  MUL_MAT(type_a=f32,type_b=f16,m=16,n=16,k=256,bs=[1,1],nr=[2,1],per=[0,1,2,3],k_v=0,o=1): not supported [ROCm0] 
  MUL_MAT(type_a=f32,type_b=f16,m=16,n=16,k=256,bs=[1,1],nr=[1,2],per=[0,1,2,3],k_v=0,o=1): not supported [ROCm0] 
  MUL_MAT(type_a=f32,type_b=f16,m=16,n=16,k=256,bs=[3,1],nr=[1,1],per=[0,1,2,3],k_v=0,o=1): not supported [ROCm0] 
  MUL_MAT(type_a=f32,type_b=f16,m=16,n=16,k=256,bs=[3,1],nr=[2,1],per=[0,1,2,3],k_v=0,o=1): not supported [ROCm0] 
  MUL_MAT(type_a=f32,type_b=f16,m=16,n=16,k=256,bs=[3,2],nr=[1,1],per=[0,1,2,3],k_v=0,o=1): not supported [ROCm0] 
  MUL_MAT(type_a=f32,type_b=f16,m=16,n=16,k=256,bs=[3,2],nr=[2,1],per=[0,1,2,3],k_v=0,o=1): not supported [ROCm0] 
  MUL_MAT(type_a=f32,type_b=f16,m=16,n=16,k=256,bs=[3,2],nr=[1,2],per=[0,1,2,3],k_v=0,o=1): not supported [ROCm0] 
  MUL_MAT(type_a=f32,type_b=f16,m=16,n=16,k=256,bs=[3,2],nr=[2,2],per=[0,1,2,3],k_v=0,o=1): not supported [ROCm0] 
  MUL_MAT(type_a=f32,type_b=f16,m=16,n=1,k=256,bs=[2,3],nr=[1,1],per=[0,2,1,3],k_v=0,o=1): not supported [ROCm0] 
  MUL_MAT(type_a=f32,type_b=f16,m=16,n=1,k=256,bs=[2,3],nr=[1,1],per=[0,1,3,2],k_v=0,o=1): not supported [ROCm0] 
  MUL_MAT(type_a=f32,type_b=f16,m=16,n=1,k=256,bs=[2,3],nr=[1,1],per=[0,3,2,1],k_v=0,o=1): not supported [ROCm0] 
  MUL_MAT(type_a=f32,type_b=f16,m=16,n=4,k=256,bs=[2,3],nr=[1,1],per=[0,3,2,1],k_v=0,o=1): not supported [ROCm0] 
  MUL_MAT(type_a=f32,type_b=f16,m=16,n=8,k=256,bs=[2,3],nr=[1,1],per=[0,2,1,3],k_v=0,o=1): not supported [ROCm0] 
  MUL_MAT(type_a=f32,type_b=f16,m=16,n=8,k=256,bs=[2,3],nr=[1,1],per=[0,1,3,2],k_v=0,o=1): not supported [ROCm0] 
  MUL_MAT(type_a=f32,type_b=f16,m=16,n=8,k=256,bs=[2,3],nr=[1,1],per=[0,3,2,1],k_v=0,o=1): not supported [ROCm0] 
  MUL_MAT(type_a=f32,type_b=f16,m=16,n=16,k=256,bs=[2,3],nr=[1,1],per=[0,2,1,3],k_v=0,o=1): not supported [ROCm0] 
  MUL_MAT(type_a=f32,type_b=f16,m=16,n=16,k=256,bs=[2,3],nr=[1,1],per=[0,1,3,2],k_v=0,o=1): not supported [ROCm0] 
  MUL_MAT(type_a=f32,type_b=f16,m=16,n=16,k=256,bs=[2,3],nr=[1,1],per=[0,3,2,1],k_v=0,o=1): not supported [ROCm0] 
  MUL_MAT(type_a=f32,type_b=f16,m=16,n=1,k=4,bs=[1,1],nr=[1,1],per=[0,1,2,3],k_v=0,o=1): not supported [ROCm0] 
  MUL_MAT(type_a=f32,type_b=f16,m=16,n=1,k=4,bs=[1,1],nr=[2,1],per=[0,1,2,3],k_v=0,o=1): not supported [ROCm0] 
  MUL_MAT(type_a=f32,type_b=f16,m=16,n=1,k=4,bs=[1,1],nr=[1,2],per=[0,1,2,3],k_v=0,o=1): not supported [ROCm0] 
  MUL_MAT(type_a=f32,type_b=f16,m=16,n=1,k=4,bs=[3,1],nr=[1,1],per=[0,1,2,3],k_v=0,o=1): not supported [ROCm0] 
  MUL_MAT(type_a=f32,type_b=f16,m=16,n=1,k=4,bs=[3,1],nr=[2,1],per=[0,1,2,3],k_v=0,o=1): not supported [ROCm0] 
  MUL_MAT(type_a=f32,type_b=f16,m=16,n=1,k=4,bs=[3,2],nr=[1,1],per=[0,1,2,3],k_v=0,o=1): not supported [ROCm0] 
  MUL_MAT(type_a=f32,type_b=f16,m=16,n=1,k=4,bs=[3,2],nr=[2,1],per=[0,1,2,3],k_v=0,o=1): not supported [ROCm0] 
  MUL_MAT(type_a=f32,type_b=f16,m=16,n=1,k=4,bs=[3,2],nr=[1,2],per=[0,1,2,3],k_v=0,o=1): not supported [ROCm0] 
  MUL_MAT(type_a=f32,type_b=f16,m=16,n=1,k=4,bs=[3,2],nr=[2,2],per=[0,1,2,3],k_v=0,o=1): not supported [ROCm0] 
  MUL_MAT(type_a=f32,type_b=f16,m=16,n=4,k=4,bs=[3,2],nr=[2,2],per=[0,1,2,3],k_v=0,o=1): not supported [ROCm0] 
  MUL_MAT(type_a=f32,type_b=f16,m=16,n=16,k=4,bs=[1,1],nr=[1,1],per=[0,1,2,3],k_v=0,o=1): not supported [ROCm0] 
  MUL_MAT(type_a=f32,type_b=f16,m=16,n=16,k=4,bs=[1,1],nr=[2,1],per=[0,1,2,3],k_v=0,o=1): not supported [ROCm0] 
  MUL_MAT(type_a=f32,type_b=f16,m=16,n=16,k=4,bs=[1,1],nr=[1,2],per=[0,1,2,3],k_v=0,o=1): not supported [ROCm0] 
  MUL_MAT(type_a=f32,type_b=f16,m=16,n=16,k=4,bs=[3,1],nr=[1,1],per=[0,1,2,3],k_v=0,o=1): not supported [ROCm0] 
  MUL_MAT(type_a=f32,type_b=f16,m=16,n=16,k=4,bs=[3,1],nr=[2,1],per=[0,1,2,3],k_v=0,o=1): not supported [ROCm0] 
  MUL_MAT(type_a=f32,type_b=f16,m=16,n=16,k=4,bs=[3,2],nr=[1,1],per=[0,1,2,3],k_v=0,o=1): not supported [ROCm0] 
  MUL_MAT(type_a=f32,type_b=f16,m=16,n=16,k=4,bs=[3,2],nr=[2,1],per=[0,1,2,3],k_v=0,o=1): not supported [ROCm0] 
  MUL_MAT(type_a=f32,type_b=f16,m=16,n=16,k=4,bs=[3,2],nr=[1,2],per=[0,1,2,3],k_v=0,o=1): not supported [ROCm0] 
  MUL_MAT(type_a=f32,type_b=f16,m=16,n=16,k=4,bs=[3,2],nr=[2,2],per=[0,1,2,3],k_v=0,o=1): not supported [ROCm0] 
  MUL_MAT(type_a=f32,type_b=f16,m=16,n=1,k=4,bs=[2,3],nr=[1,1],per=[0,2,1,3],k_v=0,o=1): not supported [ROCm0] 
  MUL_MAT(type_a=f32,type_b=f16,m=16,n=1,k=4,bs=[2,3],nr=[1,1],per=[0,1,3,2],k_v=0,o=1): not supported [ROCm0] 
  MUL_MAT(type_a=f32,type_b=f16,m=16,n=1,k=4,bs=[2,3],nr=[1,1],per=[0,3,2,1],k_v=0,o=1): not supported [ROCm0] 
  MUL_MAT(type_a=f32,type_b=f16,m=16,n=4,k=4,bs=[2,3],nr=[1,1],per=[0,3,2,1],k_v=0,o=1): not supported [ROCm0] 
  MUL_MAT(type_a=f32,type_b=f16,m=16,n=8,k=4,bs=[2,3],nr=[1,1],per=[0,2,1,3],k_v=0,o=1): not supported [ROCm0] 
  MUL_MAT(type_a=f32,type_b=f16,m=16,n=8,k=4,bs=[2,3],nr=[1,1],per=[0,1,3,2],k_v=0,o=1): not supported [ROCm0] 
  MUL_MAT(type_a=f32,type_b=f16,m=16,n=8,k=4,bs=[2,3],nr=[1,1],per=[0,3,2,1],k_v=0,o=1): not supported [ROCm0] 
  MUL_MAT(type_a=f32,type_b=f16,m=16,n=16,k=4,bs=[2,3],nr=[1,1],per=[0,2,1,3],k_v=0,o=1): not supported [ROCm0] 
  MUL_MAT(type_a=f32,type_b=f16,m=16,n=16,k=4,bs=[2,3],nr=[1,1],per=[0,1,3,2],k_v=0,o=1): not supported [ROCm0] 
  MUL_MAT(type_a=f32,type_b=f16,m=16,n=16,k=4,bs=[2,3],nr=[1,1],per=[0,3,2,1],k_v=0,o=1): not supported [ROCm0] 
  MUL_MAT(type_a=f32,type_b=f16,m=16,n=1,k=1024,bs=[3,2],nr=[1,1],per=[0,1,2,3],k_v=0,o=1): not supported [ROCm0] 
  MUL_MAT(type_a=f32,type_b=f16,m=16,n=8,k=1024,bs=[3,2],nr=[1,1],per=[0,1,2,3],k_v=0,o=1): not supported [ROCm0] 
  MUL_MAT(type_a=f32,type_b=f16,m=16,n=16,k=1024,bs=[3,2],nr=[1,1],per=[0,1,2,3],k_v=0,o=1): not supported [ROCm0] 
  MUL_MAT(type_a=f32,type_b=f16,m=16,n=8,k=256,bs=[1536,1],nr=[1,1],per=[0,1,2,3],k_v=0,o=1): not supported [ROCm0] 
  MUL_MAT(type_a=f16,type_b=f32,m=16,n=1,k=256,bs=[1,1],nr=[1,1],per=[0,1,2,3],k_v=0,o=1): [1;32mOK[0m
  MUL_MAT(type_a=f16,type_b=f32,m=16,n=1,k=256,bs=[1,1],nr=[2,1],per=[0,1,2,3],k_v=0,o=1): [1;32mOK[0m
  MUL_MAT(type_a=f16,type_b=f32,m=16,n=1,k=256,bs=[1,1],nr=[1,2],per=[0,1,2,3],k_v=0,o=1): [1;32mOK[0m
  MUL_MAT(type_a=f16,type_b=f32,m=16,n=1,k=256,bs=[3,1],nr=[1,1],per=[0,1,2,3],k_v=0,o=1): [1;32mOK[0m
  MUL_MAT(type_a=f16,type_b=f32,m=16,n=1,k=256,bs=[3,1],nr=[2,1],per=[0,1,2,3],k_v=0,o=1): [1;32mOK[0m
  MUL_MAT(type_a=f16,type_b=f32,m=16,n=1,k=256,bs=[3,2],nr=[1,1],per=[0,1,2,3],k_v=0,o=1): [1;32mOK[0m
  MUL_MAT(type_a=f16,type_b=f32,m=16,n=1,k=256,bs=[3,2],nr=[2,1],per=[0,1,2,3],k_v=0,o=1): [1;32mOK[0m
  MUL_MAT(type_a=f16,type_b=f32,m=16,n=1,k=256,bs=[3,2],nr=[1,2],per=[0,1,2,3],k_v=0,o=1): [1;32mOK[0m
  MUL_MAT(type_a=f16,type_b=f32,m=16,n=1,k=256,bs=[3,2],nr=[2,2],per=[0,1,2,3],k_v=0,o=1): [1;32mOK[0m
  MUL_MAT(type_a=f16,type_b=f32,m=16,n=4,k=256,bs=[3,2],nr=[2,2],per=[0,1,2,3],k_v=0,o=1): [1;32mOK[0m
  MUL_MAT(type_a=f16,type_b=f32,m=16,n=16,k=256,bs=[1,1],nr=[1,1],per=[0,1,2,3],k_v=0,o=1): ggml_backend_cuda_graph_compute: CUDA graph warmup complete
ggml_backend_cuda_graph_compute: CUDA graph warmup complete
ggml_backend_cuda_graph_compute: CUDA graph warmup complete
[1;32mOK[0m
  MUL_MAT(type_a=f16,type_b=f32,m=16,n=16,k=256,bs=[1,1],nr=[2,1],per=[0,1,2,3],k_v=0,o=1): ggml_backend_cuda_graph_compute: CUDA graph warmup complete
ggml_backend_cuda_graph_compute: CUDA graph warmup complete
[1;32mOK[0m
  MUL_MAT(type_a=f16,type_b=f32,m=16,n=16,k=256,bs=[1,1],nr=[1,2],per=[0,1,2,3],k_v=0,o=1): ggml_backend_cuda_graph_compute: CUDA graph warmup reset
ggml_backend_cuda_graph_compute: CUDA graph warmup reset
ggml_backend_cuda_graph_compute: CUDA graph warmup reset
ggml_backend_cuda_graph_compute: CUDA graph warmup reset
ggml_backend_cuda_graph_compute: CUDA graph warmup reset
[1;32mOK[0m
  MUL_MAT(type_a=f16,type_b=f32,m=16,n=16,k=256,bs=[3,1],nr=[1,1],per=[0,1,2,3],k_v=0,o=1): ggml_backend_cuda_graph_compute: CUDA graph warmup complete
ggml_backend_cuda_graph_compute: CUDA graph warmup complete
ggml_backend_cuda_graph_compute: CUDA graph warmup complete
[1;32mOK[0m
  MUL_MAT(type_a=f16,type_b=f32,m=16,n=16,k=256,bs=[3,1],nr=[2,1],per=[0,1,2,3],k_v=0,o=1): ggml_backend_cuda_graph_compute: CUDA graph warmup reset
[1;32mOK[0m
  MUL_MAT(type_a=f16,type_b=f32,m=16,n=16,k=256,bs=[3,2],nr=[1,1],per=[0,1,2,3],k_v=0,o=1): ggml_backend_cuda_graph_compute: CUDA graph warmup complete
[1;32mOK[0m
  MUL_MAT(type_a=f16,type_b=f32,m=16,n=16,k=256,bs=[3,2],nr=[2,1],per=[0,1,2,3],k_v=0,o=1): ggml_backend_cuda_graph_compute: CUDA graph warmup complete
ggml_backend_cuda_graph_compute: CUDA graph warmup complete
[1;32mOK[0m
  MUL_MAT(type_a=f16,type_b=f32,m=16,n=16,k=256,bs=[3,2],nr=[1,2],per=[0,1,2,3],k_v=0,o=1): ggml_backend_cuda_graph_compute: CUDA graph warmup reset
ggml_backend_cuda_graph_compute: CUDA graph warmup reset
ggml_backend_cuda_graph_compute: CUDA graph warmup reset
ggml_backend_cuda_graph_compute: CUDA graph warmup reset
[1;32mOK[0m
  MUL_MAT(type_a=f16,type_b=f32,m=16,n=16,k=256,bs=[3,2],nr=[2,2],per=[0,1,2,3],k_v=0,o=1): [1;32mOK[0m
  MUL_MAT(type_a=f16,type_b=f32,m=16,n=1,k=256,bs=[2,3],nr=[1,1],per=[0,2,1,3],k_v=0,o=1): ggml_backend_cuda_graph_compute: CUDA graph warmup reset
ggml_backend_cuda_graph_compute: CUDA graph warmup reset
ggml_backend_cuda_graph_compute: CUDA graph warmup reset
ggml_backend_cuda_graph_compute: CUDA graph warmup reset
[1;32mOK[0m
  MUL_MAT(type_a=f16,type_b=f32,m=16,n=1,k=256,bs=[2,3],nr=[1,1],per=[0,1,3,2],k_v=0,o=1): [1;32mOK[0m
  MUL_MAT(type_a=f16,type_b=f32,m=16,n=1,k=256,bs=[2,3],nr=[1,1],per=[0,3,2,1],k_v=0,o=1): [1;32mOK[0m
  MUL_MAT(type_a=f16,type_b=f32,m=16,n=4,k=256,bs=[2,3],nr=[1,1],per=[0,3,2,1],k_v=0,o=1): ggml_backend_cuda_graph_compute: CUDA graph warmup complete
ggml_backend_cuda_graph_compute: CUDA graph warmup complete
[1;32mOK[0m
  MUL_MAT(type_a=f16,type_b=f32,m=16,n=8,k=256,bs=[2,3],nr=[1,1],per=[0,2,1,3],k_v=0,o=1): ggml_backend_cuda_graph_compute: CUDA graph warmup complete
ggml_backend_cuda_graph_compute: CUDA graph warmup complete
[1;32mOK[0m
  MUL_MAT(type_a=f16,type_b=f32,m=16,n=8,k=256,bs=[2,3],nr=[1,1],per=[0,1,3,2],k_v=0,o=1): [1;32mOK[0m
  MUL_MAT(type_a=f16,type_b=f32,m=16,n=8,k=256,bs=[2,3],nr=[1,1],per=[0,3,2,1],k_v=0,o=1): ggml_backend_cuda_graph_compute: CUDA graph warmup reset
ggml_backend_cuda_graph_compute: CUDA graph warmup reset
[1;32mOK[0m
  MUL_MAT(type_a=f16,type_b=f32,m=16,n=16,k=256,bs=[2,3],nr=[1,1],per=[0,2,1,3],k_v=0,o=1): ggml_backend_cuda_graph_compute: CUDA graph warmup complete
ggml_backend_cuda_graph_compute: CUDA graph warmup complete
[1;32mOK[0m
  MUL_MAT(type_a=f16,type_b=f32,m=16,n=16,k=256,bs=[2,3],nr=[1,1],per=[0,1,3,2],k_v=0,o=1): ggml_backend_cuda_graph_compute: CUDA graph warmup reset
ggml_backend_cuda_graph_compute: CUDA graph warmup reset
[1;32mOK[0m
  MUL_MAT(type_a=f16,type_b=f32,m=16,n=16,k=256,bs=[2,3],nr=[1,1],per=[0,3,2,1],k_v=0,o=1): ggml_backend_cuda_graph_compute: CUDA graph warmup reset
ggml_backend_cuda_graph_compute: CUDA graph warmup reset
[1;32mOK[0m
  MUL_MAT(type_a=f16,type_b=f32,m=16,n=1,k=4,bs=[1,1],nr=[1,1],per=[0,1,2,3],k_v=0,o=1): [1;32mOK[0m
  MUL_MAT(type_a=f16,type_b=f32,m=16,n=1,k=4,bs=[1,1],nr=[2,1],per=[0,1,2,3],k_v=0,o=1): [1;32mOK[0m
  MUL_MAT(type_a=f16,type_b=f32,m=16,n=1,k=4,bs=[1,1],nr=[1,2],per=[0,1,2,3],k_v=0,o=1): [1;32mOK[0m
  MUL_MAT(type_a=f16,type_b=f32,m=16,n=1,k=4,bs=[3,1],nr=[1,1],per=[0,1,2,3],k_v=0,o=1): [1;32mOK[0m
  MUL_MAT(type_a=f16,type_b=f32,m=16,n=1,k=4,bs=[3,1],nr=[2,1],per=[0,1,2,3],k_v=0,o=1): [1;32mOK[0m
  MUL_MAT(type_a=f16,type_b=f32,m=16,n=1,k=4,bs=[3,2],nr=[1,1],per=[0,1,2,3],k_v=0,o=1): [1;32mOK[0m
  MUL_MAT(type_a=f16,type_b=f32,m=16,n=1,k=4,bs=[3,2],nr=[2,1],per=[0,1,2,3],k_v=0,o=1): [1;32mOK[0m
  MUL_MAT(type_a=f16,type_b=f32,m=16,n=1,k=4,bs=[3,2],nr=[1,2],per=[0,1,2,3],k_v=0,o=1): [1;32mOK[0m
  MUL_MAT(type_a=f16,type_b=f32,m=16,n=1,k=4,bs=[3,2],nr=[2,2],per=[0,1,2,3],k_v=0,o=1): [1;32mOK[0m
  MUL_MAT(type_a=f16,type_b=f32,m=16,n=4,k=4,bs=[3,2],nr=[2,2],per=[0,1,2,3],k_v=0,o=1): ggml_backend_cuda_graph_compute: CUDA graph warmup complete
[1;32mOK[0m
  MUL_MAT(type_a=f16,type_b=f32,m=16,n=16,k=4,bs=[1,1],nr=[1,1],per=[0,1,2,3],k_v=0,o=1): ggml_backend_cuda_graph_compute: CUDA graph warmup complete
ggml_backend_cuda_graph_compute: CUDA graph warmup complete
[1;32mOK[0m
  MUL_MAT(type_a=f16,type_b=f32,m=16,n=16,k=4,bs=[1,1],nr=[2,1],per=[0,1,2,3],k_v=0,o=1): ggml_backend_cuda_graph_compute: CUDA graph warmup complete
ggml_backend_cuda_graph_compute: CUDA graph warmup complete
[1;32mOK[0m
  MUL_MAT(type_a=f16,type_b=f32,m=16,n=16,k=4,bs=[1,1],nr=[1,2],per=[0,1,2,3],k_v=0,o=1): ggml_backend_cuda_graph_compute: CUDA graph warmup reset
ggml_backend_cuda_graph_compute: CUDA graph warmup reset
ggml_backend_cuda_graph_compute: CUDA graph warmup reset
ggml_backend_cuda_graph_compute: CUDA graph warmup reset
ggml_backend_cuda_graph_compute: CUDA graph warmup reset
[1;32mOK[0m
  MUL_MAT(type_a=f16,type_b=f32,m=16,n=16,k=4,bs=[3,1],nr=[1,1],per=[0,1,2,3],k_v=0,o=1): ggml_backend_cuda_graph_compute: CUDA graph warmup complete
ggml_backend_cuda_graph_compute: CUDA graph warmup complete
ggml_backend_cuda_graph_compute: CUDA graph warmup complete
[1;32mOK[0m
  MUL_MAT(type_a=f16,type_b=f32,m=16,n=16,k=4,bs=[3,1],nr=[2,1],per=[0,1,2,3],k_v=0,o=1): ggml_backend_cuda_graph_compute: CUDA graph warmup reset
[1;32mOK[0m
  MUL_MAT(type_a=f16,type_b=f32,m=16,n=16,k=4,bs=[3,2],nr=[1,1],per=[0,1,2,3],k_v=0,o=1): ggml_backend_cuda_graph_compute: CUDA graph warmup complete
[1;32mOK[0m
  MUL_MAT(type_a=f16,type_b=f32,m=16,n=16,k=4,bs=[3,2],nr=[2,1],per=[0,1,2,3],k_v=0,o=1): ggml_backend_cuda_graph_compute: CUDA graph warmup complete
ggml_backend_cuda_graph_compute: CUDA graph warmup complete
[1;32mOK[0m
  MUL_MAT(type_a=f16,type_b=f32,m=16,n=16,k=4,bs=[3,2],nr=[1,2],per=[0,1,2,3],k_v=0,o=1): ggml_backend_cuda_graph_compute: CUDA graph warmup reset
ggml_backend_cuda_graph_compute: CUDA graph warmup reset
ggml_backend_cuda_graph_compute: CUDA graph warmup reset
ggml_backend_cuda_graph_compute: CUDA graph warmup reset
[1;32mOK[0m
  MUL_MAT(type_a=f16,type_b=f32,m=16,n=16,k=4,bs=[3,2],nr=[2,2],per=[0,1,2,3],k_v=0,o=1): [1;32mOK[0m
  MUL_MAT(type_a=f16,type_b=f32,m=16,n=1,k=4,bs=[2,3],nr=[1,1],per=[0,2,1,3],k_v=0,o=1): [1;32mOK[0m
  MUL_MAT(type_a=f16,type_b=f32,m=16,n=1,k=4,bs=[2,3],nr=[1,1],per=[0,1,3,2],k_v=0,o=1): [1;32mOK[0m
  MUL_MAT(type_a=f16,type_b=f32,m=16,n=1,k=4,bs=[2,3],nr=[1,1],per=[0,3,2,1],k_v=0,o=1): [1;32mOK[0m
  MUL_MAT(type_a=f16,type_b=f32,m=16,n=4,k=4,bs=[2,3],nr=[1,1],per=[0,3,2,1],k_v=0,o=1): ggml_backend_cuda_graph_compute: CUDA graph warmup complete
ggml_backend_cuda_graph_compute: CUDA graph warmup complete
[1;32mOK[0m
  MUL_MAT(type_a=f16,type_b=f32,m=16,n=8,k=4,bs=[2,3],nr=[1,1],per=[0,2,1,3],k_v=0,o=1): ggml_backend_cuda_graph_compute: CUDA graph warmup complete
ggml_backend_cuda_graph_compute: CUDA graph warmup complete
[1;32mOK[0m
  MUL_MAT(type_a=f16,type_b=f32,m=16,n=8,k=4,bs=[2,3],nr=[1,1],per=[0,1,3,2],k_v=0,o=1): [1;32mOK[0m
  MUL_MAT(type_a=f16,type_b=f32,m=16,n=8,k=4,bs=[2,3],nr=[1,1],per=[0,3,2,1],k_v=0,o=1): ggml_backend_cuda_graph_compute: CUDA graph warmup reset
ggml_backend_cuda_graph_compute: CUDA graph warmup reset
[1;32mOK[0m
  MUL_MAT(type_a=f16,type_b=f32,m=16,n=16,k=4,bs=[2,3],nr=[1,1],per=[0,2,1,3],k_v=0,o=1): ggml_backend_cuda_graph_compute: CUDA graph warmup complete
ggml_backend_cuda_graph_compute: CUDA graph warmup complete
[1;32mOK[0m
  MUL_MAT(type_a=f16,type_b=f32,m=16,n=16,k=4,bs=[2,3],nr=[1,1],per=[0,1,3,2],k_v=0,o=1): ggml_backend_cuda_graph_compute: CUDA graph warmup reset
ggml_backend_cuda_graph_compute: CUDA graph warmup reset
ggml_backend_cuda_graph_compute: CUDA graph warmup reset
ggml_backend_cuda_graph_compute: CUDA graph warmup reset
[1;32mOK[0m
  MUL_MAT(type_a=f16,type_b=f32,m=16,n=16,k=4,bs=[2,3],nr=[1,1],per=[0,3,2,1],k_v=0,o=1): [1;32mOK[0m
  MUL_MAT(type_a=f16,type_b=f32,m=16,n=1,k=1024,bs=[3,2],nr=[1,1],per=[0,1,2,3],k_v=0,o=1): [1;32mOK[0m
  MUL_MAT(type_a=f16,type_b=f32,m=16,n=8,k=1024,bs=[3,2],nr=[1,1],per=[0,1,2,3],k_v=0,o=1): ggml_backend_cuda_graph_compute: CUDA graph warmup complete
ggml_backend_cuda_graph_compute: CUDA graph warmup complete
[1;32mOK[0m
  MUL_MAT(type_a=f16,type_b=f32,m=16,n=16,k=1024,bs=[3,2],nr=[1,1],per=[0,1,2,3],k_v=0,o=1): ggml_backend_cuda_graph_compute: CUDA graph warmup reset
ggml_backend_cuda_graph_compute: CUDA graph warmup reset
ggml_backend_cuda_graph_compute: CUDA graph warmup reset
[1;32mOK[0m
  MUL_MAT(type_a=f16,type_b=f32,m=16,n=8,k=256,bs=[1536,1],nr=[1,1],per=[0,1,2,3],k_v=0,o=1): [1;32mOK[0m
  MUL_MAT(type_a=f16,type_b=f16,m=16,n=1,k=256,bs=[1,1],nr=[1,1],per=[0,1,2,3],k_v=0,o=1): ggml_backend_cuda_graph_compute: CUDA graph warmup complete
ggml_backend_cuda_graph_compute: CUDA graph warmup complete
ggml_backend_cuda_graph_compute: CUDA graph warmup complete
[1;32mOK[0m
  MUL_MAT(type_a=f16,type_b=f16,m=16,n=1,k=256,bs=[1,1],nr=[2,1],per=[0,1,2,3],k_v=0,o=1): ggml_backend_cuda_graph_compute: CUDA graph warmup complete
ggml_backend_cuda_graph_compute: CUDA graph warmup complete
[1;32mOK[0m
  MUL_MAT(type_a=f16,type_b=f16,m=16,n=1,k=256,bs=[1,1],nr=[1,2],per=[0,1,2,3],k_v=0,o=1): ggml_backend_cuda_graph_compute: CUDA graph warmup reset
ggml_backend_cuda_graph_compute: CUDA graph warmup reset
ggml_backend_cuda_graph_compute: CUDA graph warmup reset
ggml_backend_cuda_graph_compute: CUDA graph warmup reset
ggml_backend_cuda_graph_compute: CUDA graph warmup reset
[1;32mOK[0m
  MUL_MAT(type_a=f16,type_b=f16,m=16,n=1,k=256,bs=[3,1],nr=[1,1],per=[0,1,2,3],k_v=0,o=1): ggml_backend_cuda_graph_compute: CUDA graph warmup complete
ggml_backend_cuda_graph_compute: CUDA graph warmup complete
ggml_backend_cuda_graph_compute: CUDA graph warmup complete
[1;32mOK[0m
  MUL_MAT(type_a=f16,type_b=f16,m=16,n=1,k=256,bs=[3,1],nr=[2,1],per=[0,1,2,3],k_v=0,o=1): ggml_backend_cuda_graph_compute: CUDA graph warmup reset
[1;32mOK[0m
  MUL_MAT(type_a=f16,type_b=f16,m=16,n=1,k=256,bs=[3,2],nr=[1,1],per=[0,1,2,3],k_v=0,o=1): ggml_backend_cuda_graph_compute: CUDA graph warmup complete
[1;32mOK[0m
  MUL_MAT(type_a=f16,type_b=f16,m=16,n=1,k=256,bs=[3,2],nr=[2,1],per=[0,1,2,3],k_v=0,o=1): ggml_backend_cuda_graph_compute: CUDA graph warmup complete
ggml_backend_cuda_graph_compute: CUDA graph warmup complete
[1;32mOK[0m
  MUL_MAT(type_a=f16,type_b=f16,m=16,n=1,k=256,bs=[3,2],nr=[1,2],per=[0,1,2,3],k_v=0,o=1): ggml_backend_cuda_graph_compute: CUDA graph warmup reset
ggml_backend_cuda_graph_compute: CUDA graph warmup reset
ggml_backend_cuda_graph_compute: CUDA graph warmup reset
ggml_backend_cuda_graph_compute: CUDA graph warmup reset
[1;32mOK[0m
  MUL_MAT(type_a=f16,type_b=f16,m=16,n=1,k=256,bs=[3,2],nr=[2,2],per=[0,1,2,3],k_v=0,o=1): ggml_backend_cuda_graph_compute: CUDA graph warmup complete
ggml_backend_cuda_graph_compute: CUDA graph warmup complete
[1;32mOK[0m
  MUL_MAT(type_a=f16,type_b=f16,m=16,n=4,k=256,bs=[3,2],nr=[2,2],per=[0,1,2,3],k_v=0,o=1): ggml_backend_cuda_graph_compute: CUDA graph warmup reset
ggml_backend_cuda_graph_compute: CUDA graph warmup reset
ggml_backend_cuda_graph_compute: CUDA graph warmup reset
[1;32mOK[0m
  MUL_MAT(type_a=f16,type_b=f16,m=16,n=16,k=256,bs=[1,1],nr=[1,1],per=[0,1,2,3],k_v=0,o=1): [1;32mOK[0m
  MUL_MAT(type_a=f16,type_b=f16,m=16,n=16,k=256,bs=[1,1],nr=[2,1],per=[0,1,2,3],k_v=0,o=1): [1;32mOK[0m
  MUL_MAT(type_a=f16,type_b=f16,m=16,n=16,k=256,bs=[1,1],nr=[1,2],per=[0,1,2,3],k_v=0,o=1): [1;32mOK[0m
  MUL_MAT(type_a=f16,type_b=f16,m=16,n=16,k=256,bs=[3,1],nr=[1,1],per=[0,1,2,3],k_v=0,o=1): ggml_backend_cuda_graph_compute: CUDA graph warmup complete
ggml_backend_cuda_graph_compute: CUDA graph warmup complete
ggml_backend_cuda_graph_compute: CUDA graph warmup complete
[1;32mOK[0m
  MUL_MAT(type_a=f16,type_b=f16,m=16,n=16,k=256,bs=[3,1],nr=[2,1],per=[0,1,2,3],k_v=0,o=1): ggml_backend_cuda_graph_compute: CUDA graph warmup reset
ggml_backend_cuda_graph_compute: CUDA graph warmup reset
[1;32mOK[0m
  MUL_MAT(type_a=f16,type_b=f16,m=16,n=16,k=256,bs=[3,2],nr=[1,1],per=[0,1,2,3],k_v=0,o=1): ggml_backend_cuda_graph_compute: CUDA graph warmup complete
ggml_backend_cuda_graph_compute: CUDA graph warmup complete
[1;32mOK[0m
  MUL_MAT(type_a=f16,type_b=f16,m=16,n=16,k=256,bs=[3,2],nr=[2,1],per=[0,1,2,3],k_v=0,o=1): ggml_backend_cuda_graph_compute: CUDA graph warmup reset
ggml_backend_cuda_graph_compute: CUDA graph warmup reset
[1;32mOK[0m
  MUL_MAT(type_a=f16,type_b=f16,m=16,n=16,k=256,bs=[3,2],nr=[1,2],per=[0,1,2,3],k_v=0,o=1): [1;32mOK[0m
  MUL_MAT(type_a=f16,type_b=f16,m=16,n=16,k=256,bs=[3,2],nr=[2,2],per=[0,1,2,3],k_v=0,o=1): [1;32mOK[0m
  MUL_MAT(type_a=f16,type_b=f16,m=16,n=1,k=256,bs=[2,3],nr=[1,1],per=[0,2,1,3],k_v=0,o=1): ggml_backend_cuda_graph_compute: CUDA graph warmup complete
ggml_backend_cuda_graph_compute: CUDA graph warmup complete
ggml_backend_cuda_graph_compute: CUDA graph warmup complete
ggml_backend_cuda_graph_compute: CUDA graph warmup complete
[1;32mOK[0m
  MUL_MAT(type_a=f16,type_b=f16,m=16,n=1,k=256,bs=[2,3],nr=[1,1],per=[0,1,3,2],k_v=0,o=1): ggml_backend_cuda_graph_compute: CUDA graph warmup reset
ggml_backend_cuda_graph_compute: CUDA graph warmup reset
ggml_backend_cuda_graph_compute: CUDA graph warmup reset
ggml_backend_cuda_graph_compute: CUDA graph warmup reset
[1;32mOK[0m
  MUL_MAT(type_a=f16,type_b=f16,m=16,n=1,k=256,bs=[2,3],nr=[1,1],per=[0,3,2,1],k_v=0,o=1): ggml_backend_cuda_graph_compute: CUDA graph warmup complete
ggml_backend_cuda_graph_compute: CUDA graph warmup complete
ggml_backend_cuda_graph_compute: CUDA graph warmup complete
[1;32mOK[0m
  MUL_MAT(type_a=f16,type_b=f16,m=16,n=4,k=256,bs=[2,3],nr=[1,1],per=[0,3,2,1],k_v=0,o=1): ggml_backend_cuda_graph_compute: CUDA graph warmup reset
ggml_backend_cuda_graph_compute: CUDA graph warmup reset
ggml_backend_cuda_graph_compute: CUDA graph warmup reset
[1;32mOK[0m
  MUL_MAT(type_a=f16,type_b=f16,m=16,n=8,k=256,bs=[2,3],nr=[1,1],per=[0,2,1,3],k_v=0,o=1): [1;32mOK[0m
  MUL_MAT(type_a=f16,type_b=f16,m=16,n=8,k=256,bs=[2,3],nr=[1,1],per=[0,1,3,2],k_v=0,o=1): [1;32mOK[0m
  MUL_MAT(type_a=f16,type_b=f16,m=16,n=8,k=256,bs=[2,3],nr=[1,1],per=[0,3,2,1],k_v=0,o=1): [1;32mOK[0m
  MUL_MAT(type_a=f16,type_b=f16,m=16,n=16,k=256,bs=[2,3],nr=[1,1],per=[0,2,1,3],k_v=0,o=1): [1;32mOK[0m
  MUL_MAT(type_a=f16,type_b=f16,m=16,n=16,k=256,bs=[2,3],nr=[1,1],per=[0,1,3,2],k_v=0,o=1): [1;32mOK[0m
  MUL_MAT(type_a=f16,type_b=f16,m=16,n=16,k=256,bs=[2,3],nr=[1,1],per=[0,3,2,1],k_v=0,o=1): ggml_backend_cuda_graph_compute: CUDA graph warmup reset
[1;32mOK[0m
  MUL_MAT(type_a=f16,type_b=f16,m=16,n=1,k=4,bs=[1,1],nr=[1,1],per=[0,1,2,3],k_v=0,o=1): ggml_backend_cuda_graph_compute: CUDA graph warmup complete
ggml_backend_cuda_graph_compute: CUDA graph warmup complete
ggml_backend_cuda_graph_compute: CUDA graph warmup complete
ggml_backend_cuda_graph_compute: CUDA graph warmup complete
ggml_backend_cuda_graph_compute: CUDA graph warmup complete
[1;32mOK[0m
  MUL_MAT(type_a=f16,type_b=f16,m=16,n=1,k=4,bs=[1,1],nr=[2,1],per=[0,1,2,3],k_v=0,o=1): [1;32mOK[0m
  MUL_MAT(type_a=f16,type_b=f16,m=16,n=1,k=4,bs=[1,1],nr=[1,2],per=[0,1,2,3],k_v=0,o=1): ggml_backend_cuda_graph_compute: CUDA graph warmup reset
ggml_backend_cuda_graph_compute: CUDA graph warmup reset
ggml_backend_cuda_graph_compute: CUDA graph warmup reset
ggml_backend_cuda_graph_compute: CUDA graph warmup reset
ggml_backend_cuda_graph_compute: CUDA graph warmup reset
[1;32mOK[0m
  MUL_MAT(type_a=f16,type_b=f16,m=16,n=1,k=4,bs=[3,1],nr=[1,1],per=[0,1,2,3],k_v=0,o=1): ggml_backend_cuda_graph_compute: CUDA graph warmup complete
ggml_backend_cuda_graph_compute: CUDA graph warmup complete
ggml_backend_cuda_graph_compute: CUDA graph warmup complete
ggml_backend_cuda_graph_compute: CUDA graph warmup complete
[1;32mOK[0m
  MUL_MAT(type_a=f16,type_b=f16,m=16,n=1,k=4,bs=[3,1],nr=[2,1],per=[0,1,2,3],k_v=0,o=1): ggml_backend_cuda_graph_compute: CUDA graph warmup reset
ggml_backend_cuda_graph_compute: CUDA graph warmup reset
[1;32mOK[0m
  MUL_MAT(type_a=f16,type_b=f16,m=16,n=1,k=4,bs=[3,2],nr=[1,1],per=[0,1,2,3],k_v=0,o=1): ggml_backend_cuda_graph_compute: CUDA graph warmup complete
ggml_backend_cuda_graph_compute: CUDA graph warmup complete
[1;32mOK[0m
  MUL_MAT(type_a=f16,type_b=f16,m=16,n=1,k=4,bs=[3,2],nr=[2,1],per=[0,1,2,3],k_v=0,o=1): ggml_backend_cuda_graph_compute: CUDA graph warmup complete
[1;32mOK[0m
  MUL_MAT(type_a=f16,type_b=f16,m=16,n=1,k=4,bs=[3,2],nr=[1,2],per=[0,1,2,3],k_v=0,o=1): ggml_backend_cuda_graph_compute: CUDA graph warmup reset
ggml_backend_cuda_graph_compute: CUDA graph warmup reset
ggml_backend_cuda_graph_compute: CUDA graph warmup reset
ggml_backend_cuda_graph_compute: CUDA graph warmup reset
[1;32mOK[0m
  MUL_MAT(type_a=f16,type_b=f16,m=16,n=1,k=4,bs=[3,2],nr=[2,2],per=[0,1,2,3],k_v=0,o=1): ggml_backend_cuda_graph_compute: CUDA graph warmup complete
ggml_backend_cuda_graph_compute: CUDA graph warmup complete
[1;32mOK[0m
  MUL_MAT(type_a=f16,type_b=f16,m=16,n=4,k=4,bs=[3,2],nr=[2,2],per=[0,1,2,3],k_v=0,o=1): ggml_backend_cuda_graph_compute: CUDA graph warmup reset
ggml_backend_cuda_graph_compute: CUDA graph warmup reset
ggml_backend_cuda_graph_compute: CUDA graph warmup reset
[1;32mOK[0m
  MUL_MAT(type_a=f16,type_b=f16,m=16,n=16,k=4,bs=[1,1],nr=[1,1],per=[0,1,2,3],k_v=0,o=1): ggml_backend_cuda_graph_compute: CUDA graph warmup complete
ggml_backend_cuda_graph_compute: CUDA graph warmup complete
ggml_backend_cuda_graph_compute: CUDA graph warmup complete
[1;32mOK[0m
  MUL_MAT(type_a=f16,type_b=f16,m=16,n=16,k=4,bs=[1,1],nr=[2,1],per=[0,1,2,3],k_v=0,o=1): ggml_backend_cuda_graph_compute: CUDA graph warmup reset
ggml_backend_cuda_graph_compute: CUDA graph warmup reset
[1;32mOK[0m
  MUL_MAT(type_a=f16,type_b=f16,m=16,n=16,k=4,bs=[1,1],nr=[1,2],per=[0,1,2,3],k_v=0,o=1): ggml_backend_cuda_graph_compute: CUDA graph warmup reset
[1;32mOK[0m
  MUL_MAT(type_a=f16,type_b=f16,m=16,n=16,k=4,bs=[3,1],nr=[1,1],per=[0,1,2,3],k_v=0,o=1): ggml_backend_cuda_graph_compute: CUDA graph warmup complete
ggml_backend_cuda_graph_compute: CUDA graph warmup complete
ggml_backend_cuda_graph_compute: CUDA graph warmup complete
[1;32mOK[0m
  MUL_MAT(type_a=f16,type_b=f16,m=16,n=16,k=4,bs=[3,1],nr=[2,1],per=[0,1,2,3],k_v=0,o=1): ggml_backend_cuda_graph_compute: CUDA graph warmup reset
ggml_backend_cuda_graph_compute: CUDA graph warmup reset
[1;32mOK[0m
  MUL_MAT(type_a=f16,type_b=f16,m=16,n=16,k=4,bs=[3,2],nr=[1,1],per=[0,1,2,3],k_v=0,o=1): ggml_backend_cuda_graph_compute: CUDA graph warmup complete
ggml_backend_cuda_graph_compute: CUDA graph warmup complete
[1;32mOK[0m
  MUL_MAT(type_a=f16,type_b=f16,m=16,n=16,k=4,bs=[3,2],nr=[2,1],per=[0,1,2,3],k_v=0,o=1): ggml_backend_cuda_graph_compute: CUDA graph warmup reset
ggml_backend_cuda_graph_compute: CUDA graph warmup reset
[1;32mOK[0m
  MUL_MAT(type_a=f16,type_b=f16,m=16,n=16,k=4,bs=[3,2],nr=[1,2],per=[0,1,2,3],k_v=0,o=1): [1;32mOK[0m
  MUL_MAT(type_a=f16,type_b=f16,m=16,n=16,k=4,bs=[3,2],nr=[2,2],per=[0,1,2,3],k_v=0,o=1): [1;32mOK[0m
  MUL_MAT(type_a=f16,type_b=f16,m=16,n=1,k=4,bs=[2,3],nr=[1,1],per=[0,2,1,3],k_v=0,o=1): ggml_backend_cuda_graph_compute: CUDA graph warmup complete
ggml_backend_cuda_graph_compute: CUDA graph warmup complete
ggml_backend_cuda_graph_compute: CUDA graph warmup complete
ggml_backend_cuda_graph_compute: CUDA graph warmup complete
[1;32mOK[0m
  MUL_MAT(type_a=f16,type_b=f16,m=16,n=1,k=4,bs=[2,3],nr=[1,1],per=[0,1,3,2],k_v=0,o=1): ggml_backend_cuda_graph_compute: CUDA graph warmup reset
ggml_backend_cuda_graph_compute: CUDA graph warmup reset
ggml_backend_cuda_graph_compute: CUDA graph warmup reset
ggml_backend_cuda_graph_compute: CUDA graph warmup reset
[1;32mOK[0m
  MUL_MAT(type_a=f16,type_b=f16,m=16,n=1,k=4,bs=[2,3],nr=[1,1],per=[0,3,2,1],k_v=0,o=1): ggml_backend_cuda_graph_compute: CUDA graph warmup complete
ggml_backend_cuda_graph_compute: CUDA graph warmup complete
ggml_backend_cuda_graph_compute: CUDA graph warmup complete
[1;32mOK[0m
  MUL_MAT(type_a=f16,type_b=f16,m=16,n=4,k=4,bs=[2,3],nr=[1,1],per=[0,3,2,1],k_v=0,o=1): ggml_backend_cuda_graph_compute: CUDA graph warmup reset
ggml_backend_cuda_graph_compute: CUDA graph warmup reset
ggml_backend_cuda_graph_compute: CUDA graph warmup reset
[1;32mOK[0m
  MUL_MAT(type_a=f16,type_b=f16,m=16,n=8,k=4,bs=[2,3],nr=[1,1],per=[0,2,1,3],k_v=0,o=1): [1;32mOK[0m
  MUL_MAT(type_a=f16,type_b=f16,m=16,n=8,k=4,bs=[2,3],nr=[1,1],per=[0,1,3,2],k_v=0,o=1): [1;32mOK[0m
  MUL_MAT(type_a=f16,type_b=f16,m=16,n=8,k=4,bs=[2,3],nr=[1,1],per=[0,3,2,1],k_v=0,o=1): [1;32mOK[0m
  MUL_MAT(type_a=f16,type_b=f16,m=16,n=16,k=4,bs=[2,3],nr=[1,1],per=[0,2,1,3],k_v=0,o=1): [1;32mOK[0m
  MUL_MAT(type_a=f16,type_b=f16,m=16,n=16,k=4,bs=[2,3],nr=[1,1],per=[0,1,3,2],k_v=0,o=1): [1;32mOK[0m
  MUL_MAT(type_a=f16,type_b=f16,m=16,n=16,k=4,bs=[2,3],nr=[1,1],per=[0,3,2,1],k_v=0,o=1): [1;32mOK[0m
  MUL_MAT(type_a=f16,type_b=f16,m=16,n=1,k=1024,bs=[3,2],nr=[1,1],per=[0,1,2,3],k_v=0,o=1): [1;32mOK[0m
  MUL_MAT(type_a=f16,type_b=f16,m=16,n=8,k=1024,bs=[3,2],nr=[1,1],per=[0,1,2,3],k_v=0,o=1): ggml_backend_cuda_graph_compute: CUDA graph warmup complete
ggml_backend_cuda_graph_compute: CUDA graph warmup complete
[1;32mOK[0m
  MUL_MAT(type_a=f16,type_b=f16,m=16,n=16,k=1024,bs=[3,2],nr=[1,1],per=[0,1,2,3],k_v=0,o=1): ggml_backend_cuda_graph_compute: CUDA graph warmup reset
ggml_backend_cuda_graph_compute: CUDA graph warmup reset
ggml_backend_cuda_graph_compute: CUDA graph warmup reset
[1;32mOK[0m
  MUL_MAT(type_a=f16,type_b=f16,m=16,n=8,k=256,bs=[1536,1],nr=[1,1],per=[0,1,2,3],k_v=0,o=1): [1;32mOK[0m
  MUL_MAT(type_a=q8_0,type_b=f32,m=16,n=1,k=256,bs=[1,1],nr=[1,1],per=[0,1,2,3],k_v=0,o=1): [1;32mOK[0m
  MUL_MAT(type_a=q8_0,type_b=f32,m=16,n=1,k=256,bs=[1,1],nr=[2,1],per=[0,1,2,3],k_v=0,o=1): [1;32mOK[0m
  MUL_MAT(type_a=q8_0,type_b=f32,m=16,n=1,k=256,bs=[1,1],nr=[1,2],per=[0,1,2,3],k_v=0,o=1): [1;32mOK[0m
  MUL_MAT(type_a=q8_0,type_b=f32,m=16,n=1,k=256,bs=[3,1],nr=[1,1],per=[0,1,2,3],k_v=0,o=1): [1;32mOK[0m
  MUL_MAT(type_a=q8_0,type_b=f32,m=16,n=1,k=256,bs=[3,1],nr=[2,1],per=[0,1,2,3],k_v=0,o=1): [1;32mOK[0m
  MUL_MAT(type_a=q8_0,type_b=f32,m=16,n=1,k=256,bs=[3,2],nr=[1,1],per=[0,1,2,3],k_v=0,o=1): [1;32mOK[0m
  MUL_MAT(type_a=q8_0,type_b=f32,m=16,n=1,k=256,bs=[3,2],nr=[2,1],per=[0,1,2,3],k_v=0,o=1): [1;32mOK[0m
  MUL_MAT(type_a=q8_0,type_b=f32,m=16,n=1,k=256,bs=[3,2],nr=[1,2],per=[0,1,2,3],k_v=0,o=1): [1;32mOK[0m
  MUL_MAT(type_a=q8_0,type_b=f32,m=16,n=1,k=256,bs=[3,2],nr=[2,2],per=[0,1,2,3],k_v=0,o=1): [1;32mOK[0m
  MUL_MAT(type_a=q8_0,type_b=f32,m=16,n=4,k=256,bs=[3,2],nr=[2,2],per=[0,1,2,3],k_v=0,o=1): [1;32mOK[0m
  MUL_MAT(type_a=q8_0,type_b=f32,m=16,n=16,k=256,bs=[1,1],nr=[1,1],per=[0,1,2,3],k_v=0,o=1): [1;32mOK[0m
  MUL_MAT(type_a=q8_0,type_b=f32,m=16,n=16,k=256,bs=[1,1],nr=[2,1],per=[0,1,2,3],k_v=0,o=1): [1;32mOK[0m
  MUL_MAT(type_a=q8_0,type_b=f32,m=16,n=16,k=256,bs=[1,1],nr=[1,2],per=[0,1,2,3],k_v=0,o=1): [1;32mOK[0m
  MUL_MAT(type_a=q8_0,type_b=f32,m=16,n=16,k=256,bs=[3,1],nr=[1,1],per=[0,1,2,3],k_v=0,o=1): [1;32mOK[0m
  MUL_MAT(type_a=q8_0,type_b=f32,m=16,n=16,k=256,bs=[3,1],nr=[2,1],per=[0,1,2,3],k_v=0,o=1): [1;32mOK[0m
  MUL_MAT(type_a=q8_0,type_b=f32,m=16,n=16,k=256,bs=[3,2],nr=[1,1],per=[0,1,2,3],k_v=0,o=1): [1;32mOK[0m
  MUL_MAT(type_a=q8_0,type_b=f32,m=16,n=16,k=256,bs=[3,2],nr=[2,1],per=[0,1,2,3],k_v=0,o=1): [1;32mOK[0m
  MUL_MAT(type_a=q8_0,type_b=f32,m=16,n=16,k=256,bs=[3,2],nr=[1,2],per=[0,1,2,3],k_v=0,o=1): [1;32mOK[0m
  MUL_MAT(type_a=q8_0,type_b=f32,m=16,n=16,k=256,bs=[3,2],nr=[2,2],per=[0,1,2,3],k_v=0,o=1): [1;32mOK[0m
  MUL_MAT(type_a=q8_0,type_b=f32,m=16,n=1,k=256,bs=[2,3],nr=[1,1],per=[0,2,1,3],k_v=0,o=1): [1;32mOK[0m
  MUL_MAT(type_a=q8_0,type_b=f32,m=16,n=1,k=256,bs=[2,3],nr=[1,1],per=[0,1,3,2],k_v=0,o=1): [1;32mOK[0m
  MUL_MAT(type_a=q8_0,type_b=f32,m=16,n=1,k=256,bs=[2,3],nr=[1,1],per=[0,3,2,1],k_v=0,o=1): [1;32mOK[0m
  MUL_MAT(type_a=q8_0,type_b=f32,m=16,n=4,k=256,bs=[2,3],nr=[1,1],per=[0,3,2,1],k_v=0,o=1): [1;32mOK[0m
  MUL_MAT(type_a=q8_0,type_b=f32,m=16,n=8,k=256,bs=[2,3],nr=[1,1],per=[0,2,1,3],k_v=0,o=1): [1;32mOK[0m
  MUL_MAT(type_a=q8_0,type_b=f32,m=16,n=8,k=256,bs=[2,3],nr=[1,1],per=[0,1,3,2],k_v=0,o=1): [1;32mOK[0m
  MUL_MAT(type_a=q8_0,type_b=f32,m=16,n=8,k=256,bs=[2,3],nr=[1,1],per=[0,3,2,1],k_v=0,o=1): [1;32mOK[0m
  MUL_MAT(type_a=q8_0,type_b=f32,m=16,n=16,k=256,bs=[2,3],nr=[1,1],per=[0,2,1,3],k_v=0,o=1): [1;32mOK[0m
  MUL_MAT(type_a=q8_0,type_b=f32,m=16,n=16,k=256,bs=[2,3],nr=[1,1],per=[0,1,3,2],k_v=0,o=1): [1;32mOK[0m
  MUL_MAT(type_a=q8_0,type_b=f32,m=16,n=16,k=256,bs=[2,3],nr=[1,1],per=[0,3,2,1],k_v=0,o=1): [1;32mOK[0m
  MUL_MAT(type_a=q8_0,type_b=f32,m=16,n=1,k=1024,bs=[3,2],nr=[1,1],per=[0,1,2,3],k_v=0,o=1): [1;32mOK[0m
  MUL_MAT(type_a=q8_0,type_b=f32,m=16,n=8,k=1024,bs=[3,2],nr=[1,1],per=[0,1,2,3],k_v=0,o=1): [1;32mOK[0m
  MUL_MAT(type_a=q8_0,type_b=f32,m=16,n=16,k=1024,bs=[3,2],nr=[1,1],per=[0,1,2,3],k_v=0,o=1): [1;32mOK[0m
  MUL_MAT(type_a=q8_0,type_b=f32,m=16,n=8,k=256,bs=[1536,1],nr=[1,1],per=[0,1,2,3],k_v=0,o=1): [1;32mOK[0m
  MUL_MAT(type_a=q8_0,type_b=f16,m=16,n=1,k=256,bs=[1,1],nr=[1,1],per=[0,1,2,3],k_v=0,o=1): not supported [ROCm0] 
  MUL_MAT(type_a=q8_0,type_b=f16,m=16,n=1,k=256,bs=[1,1],nr=[2,1],per=[0,1,2,3],k_v=0,o=1): not supported [ROCm0] 
  MUL_MAT(type_a=q8_0,type_b=f16,m=16,n=1,k=256,bs=[1,1],nr=[1,2],per=[0,1,2,3],k_v=0,o=1): not supported [ROCm0] 
  MUL_MAT(type_a=q8_0,type_b=f16,m=16,n=1,k=256,bs=[3,1],nr=[1,1],per=[0,1,2,3],k_v=0,o=1): not supported [ROCm0] 
  MUL_MAT(type_a=q8_0,type_b=f16,m=16,n=1,k=256,bs=[3,1],nr=[2,1],per=[0,1,2,3],k_v=0,o=1): not supported [ROCm0] 
  MUL_MAT(type_a=q8_0,type_b=f16,m=16,n=1,k=256,bs=[3,2],nr=[1,1],per=[0,1,2,3],k_v=0,o=1): not supported [ROCm0] 
  MUL_MAT(type_a=q8_0,type_b=f16,m=16,n=1,k=256,bs=[3,2],nr=[2,1],per=[0,1,2,3],k_v=0,o=1): not supported [ROCm0] 
  MUL_MAT(type_a=q8_0,type_b=f16,m=16,n=1,k=256,bs=[3,2],nr=[1,2],per=[0,1,2,3],k_v=0,o=1): not supported [ROCm0] 
  MUL_MAT(type_a=q8_0,type_b=f16,m=16,n=1,k=256,bs=[3,2],nr=[2,2],per=[0,1,2,3],k_v=0,o=1): not supported [ROCm0] 
  MUL_MAT(type_a=q8_0,type_b=f16,m=16,n=4,k=256,bs=[3,2],nr=[2,2],per=[0,1,2,3],k_v=0,o=1): not supported [ROCm0] 
  MUL_MAT(type_a=q8_0,type_b=f16,m=16,n=16,k=256,bs=[1,1],nr=[1,1],per=[0,1,2,3],k_v=0,o=1): not supported [ROCm0] 
  MUL_MAT(type_a=q8_0,type_b=f16,m=16,n=16,k=256,bs=[1,1],nr=[2,1],per=[0,1,2,3],k_v=0,o=1): not supported [ROCm0] 
  MUL_MAT(type_a=q8_0,type_b=f16,m=16,n=16,k=256,bs=[1,1],nr=[1,2],per=[0,1,2,3],k_v=0,o=1): not supported [ROCm0] 
  MUL_MAT(type_a=q8_0,type_b=f16,m=16,n=16,k=256,bs=[3,1],nr=[1,1],per=[0,1,2,3],k_v=0,o=1): not supported [ROCm0] 
  MUL_MAT(type_a=q8_0,type_b=f16,m=16,n=16,k=256,bs=[3,1],nr=[2,1],per=[0,1,2,3],k_v=0,o=1): not supported [ROCm0] 
  MUL_MAT(type_a=q8_0,type_b=f16,m=16,n=16,k=256,bs=[3,2],nr=[1,1],per=[0,1,2,3],k_v=0,o=1): not supported [ROCm0] 
  MUL_MAT(type_a=q8_0,type_b=f16,m=16,n=16,k=256,bs=[3,2],nr=[2,1],per=[0,1,2,3],k_v=0,o=1): not supported [ROCm0] 
  MUL_MAT(type_a=q8_0,type_b=f16,m=16,n=16,k=256,bs=[3,2],nr=[1,2],per=[0,1,2,3],k_v=0,o=1): not supported [ROCm0] 
  MUL_MAT(type_a=q8_0,type_b=f16,m=16,n=16,k=256,bs=[3,2],nr=[2,2],per=[0,1,2,3],k_v=0,o=1): not supported [ROCm0] 
  MUL_MAT(type_a=q8_0,type_b=f16,m=16,n=1,k=256,bs=[2,3],nr=[1,1],per=[0,2,1,3],k_v=0,o=1): not supported [ROCm0] 
  MUL_MAT(type_a=q8_0,type_b=f16,m=16,n=1,k=256,bs=[2,3],nr=[1,1],per=[0,1,3,2],k_v=0,o=1): not supported [ROCm0] 
  MUL_MAT(type_a=q8_0,type_b=f16,m=16,n=1,k=256,bs=[2,3],nr=[1,1],per=[0,3,2,1],k_v=0,o=1): not supported [ROCm0] 
  MUL_MAT(type_a=q8_0,type_b=f16,m=16,n=4,k=256,bs=[2,3],nr=[1,1],per=[0,3,2,1],k_v=0,o=1): not supported [ROCm0] 
  MUL_MAT(type_a=q8_0,type_b=f16,m=16,n=8,k=256,bs=[2,3],nr=[1,1],per=[0,2,1,3],k_v=0,o=1): not supported [ROCm0] 
  MUL_MAT(type_a=q8_0,type_b=f16,m=16,n=8,k=256,bs=[2,3],nr=[1,1],per=[0,1,3,2],k_v=0,o=1): not supported [ROCm0] 
  MUL_MAT(type_a=q8_0,type_b=f16,m=16,n=8,k=256,bs=[2,3],nr=[1,1],per=[0,3,2,1],k_v=0,o=1): not supported [ROCm0] 
  MUL_MAT(type_a=q8_0,type_b=f16,m=16,n=16,k=256,bs=[2,3],nr=[1,1],per=[0,2,1,3],k_v=0,o=1): not supported [ROCm0] 
  MUL_MAT(type_a=q8_0,type_b=f16,m=16,n=16,k=256,bs=[2,3],nr=[1,1],per=[0,1,3,2],k_v=0,o=1): not supported [ROCm0] 
  MUL_MAT(type_a=q8_0,type_b=f16,m=16,n=16,k=256,bs=[2,3],nr=[1,1],per=[0,3,2,1],k_v=0,o=1): not supported [ROCm0] 
  MUL_MAT(type_a=q8_0,type_b=f16,m=16,n=1,k=1024,bs=[3,2],nr=[1,1],per=[0,1,2,3],k_v=0,o=1): not supported [ROCm0] 
  MUL_MAT(type_a=q8_0,type_b=f16,m=16,n=8,k=1024,bs=[3,2],nr=[1,1],per=[0,1,2,3],k_v=0,o=1): not supported [ROCm0] 
  MUL_MAT(type_a=q8_0,type_b=f16,m=16,n=16,k=1024,bs=[3,2],nr=[1,1],per=[0,1,2,3],k_v=0,o=1): not supported [ROCm0] 
  MUL_MAT(type_a=q8_0,type_b=f16,m=16,n=8,k=256,bs=[1536,1],nr=[1,1],per=[0,1,2,3],k_v=0,o=1): not supported [ROCm0] 
  MUL_MAT(type_a=q1_0,type_b=f32,m=16,n=1,k=256,bs=[1,1],nr=[1,1],per=[0,1,2,3],k_v=0,o=1): [1;32mOK[0m
  MUL_MAT(type_a=q1_0,type_b=f32,m=16,n=1,k=256,bs=[1,1],nr=[2,1],per=[0,1,2,3],k_v=0,o=1): [1;32mOK[0m
  MUL_MAT(type_a=q1_0,type_b=f32,m=16,n=1,k=256,bs=[1,1],nr=[1,2],per=[0,1,2,3],k_v=0,o=1): [1;32mOK[0m
  MUL_MAT(type_a=q1_0,type_b=f32,m=16,n=1,k=256,bs=[3,1],nr=[1,1],per=[0,1,2,3],k_v=0,o=1): [1;32mOK[0m
  MUL_MAT(type_a=q1_0,type_b=f32,m=16,n=1,k=256,bs=[3,1],nr=[2,1],per=[0,1,2,3],k_v=0,o=1): [1;32mOK[0m
  MUL_MAT(type_a=q1_0,type_b=f32,m=16,n=1,k=256,bs=[3,2],nr=[1,1],per=[0,1,2,3],k_v=0,o=1): [1;32mOK[0m
  MUL_MAT(type_a=q1_0,type_b=f32,m=16,n=1,k=256,bs=[3,2],nr=[2,1],per=[0,1,2,3],k_v=0,o=1): [1;32mOK[0m
  MUL_MAT(type_a=q1_0,type_b=f32,m=16,n=1,k=256,bs=[3,2],nr=[1,2],per=[0,1,2,3],k_v=0,o=1): [1;32mOK[0m
  MUL_MAT(type_a=q1_0,type_b=f32,m=16,n=1,k=256,bs=[3,2],nr=[2,2],per=[0,1,2,3],k_v=0,o=1): [1;32mOK[0m
  MUL_MAT(type_a=q1_0,type_b=f32,m=16,n=4,k=256,bs=[3,2],nr=[2,2],per=[0,1,2,3],k_v=0,o=1): [1;32mOK[0m
  MUL_MAT(type_a=q1_0,type_b=f32,m=16,n=16,k=256,bs=[1,1],nr=[1,1],per=[0,1,2,3],k_v=0,o=1): [1;32mOK[0m
  MUL_MAT(type_a=q1_0,type_b=f32,m=16,n=16,k=256,bs=[1,1],nr=[2,1],per=[0,1,2,3],k_v=0,o=1): [1;32mOK[0m
  MUL_MAT(type_a=q1_0,type_b=f32,m=16,n=16,k=256,bs=[1,1],nr=[1,2],per=[0,1,2,3],k_v=0,o=1): [1;32mOK[0m
  MUL_MAT(type_a=q1_0,type_b=f32,m=16,n=16,k=256,bs=[3,1],nr=[1,1],per=[0,1,2,3],k_v=0,o=1): [1;32mOK[0m
  MUL_MAT(type_a=q1_0,type_b=f32,m=16,n=16,k=256,bs=[3,1],nr=[2,1],per=[0,1,2,3],k_v=0,o=1): [1;32mOK[0m
  MUL_MAT(type_a=q1_0,type_b=f32,m=16,n=16,k=256,bs=[3,2],nr=[1,1],per=[0,1,2,3],k_v=0,o=1): [1;32mOK[0m
  MUL_MAT(type_a=q1_0,type_b=f32,m=16,n=16,k=256,bs=[3,2],nr=[2,1],per=[0,1,2,3],k_v=0,o=1): [1;32mOK[0m
  MUL_MAT(type_a=q1_0,type_b=f32,m=16,n=16,k=256,bs=[3,2],nr=[1,2],per=[0,1,2,3],k_v=0,o=1): [1;32mOK[0m
  MUL_MAT(type_a=q1_0,type_b=f32,m=16,n=16,k=256,bs=[3,2],nr=[2,2],per=[0,1,2,3],k_v=0,o=1): [1;32mOK[0m
  MUL_MAT(type_a=q1_0,type_b=f32,m=16,n=1,k=256,bs=[2,3],nr=[1,1],per=[0,2,1,3],k_v=0,o=1): [1;32mOK[0m
  MUL_MAT(type_a=q1_0,type_b=f32,m=16,n=1,k=256,bs=[2,3],nr=[1,1],per=[0,1,3,2],k_v=0,o=1): [1;32mOK[0m
  MUL_MAT(type_a=q1_0,type_b=f32,m=16,n=1,k=256,bs=[2,3],nr=[1,1],per=[0,3,2,1],k_v=0,o=1): [1;32mOK[0m
  MUL_MAT(type_a=q1_0,type_b=f32,m=16,n=4,k=256,bs=[2,3],nr=[1,1],per=[0,3,2,1],k_v=0,o=1): [1;32mOK[0m
  MUL_MAT(type_a=q1_0,type_b=f32,m=16,n=8,k=256,bs=[2,3],nr=[1,1],per=[0,2,1,3],k_v=0,o=1): [1;32mOK[0m
  MUL_MAT(type_a=q1_0,type_b=f32,m=16,n=8,k=256,bs=[2,3],nr=[1,1],per=[0,1,3,2],k_v=0,o=1): [1;32mOK[0m
  MUL_MAT(type_a=q1_0,type_b=f32,m=16,n=8,k=256,bs=[2,3],nr=[1,1],per=[0,3,2,1],k_v=0,o=1): [1;32mOK[0m
  MUL_MAT(type_a=q1_0,type_b=f32,m=16,n=16,k=256,bs=[2,3],nr=[1,1],per=[0,2,1,3],k_v=0,o=1): [1;32mOK[0m
  MUL_MAT(type_a=q1_0,type_b=f32,m=16,n=16,k=256,bs=[2,3],nr=[1,1],per=[0,1,3,2],k_v=0,o=1): [1;32mOK[0m
  MUL_MAT(type_a=q1_0,type_b=f32,m=16,n=16,k=256,bs=[2,3],nr=[1,1],per=[0,3,2,1],k_v=0,o=1): [1;32mOK[0m
  MUL_MAT(type_a=q1_0,type_b=f32,m=16,n=1,k=1024,bs=[3,2],nr=[1,1],per=[0,1,2,3],k_v=0,o=1): [1;32mOK[0m
  MUL_MAT(type_a=q1_0,type_b=f32,m=16,n=8,k=1024,bs=[3,2],nr=[1,1],per=[0,1,2,3],k_v=0,o=1): [1;32mOK[0m
  MUL_MAT(type_a=q1_0,type_b=f32,m=16,n=16,k=1024,bs=[3,2],nr=[1,1],per=[0,1,2,3],k_v=0,o=1): [1;32mOK[0m
  MUL_MAT(type_a=q1_0,type_b=f32,m=16,n=8,k=256,bs=[1536,1],nr=[1,1],per=[0,1,2,3],k_v=0,o=1): [1;32mOK[0m
  MUL_MAT(type_a=q1_0,type_b=f16,m=16,n=1,k=256,bs=[1,1],nr=[1,1],per=[0,1,2,3],k_v=0,o=1): not supported [ROCm0] 
  MUL_MAT(type_a=q1_0,type_b=f16,m=16,n=1,k=256,bs=[1,1],nr=[2,1],per=[0,1,2,3],k_v=0,o=1): not supported [ROCm0] 
  MUL_MAT(type_a=q1_0,type_b=f16,m=16,n=1,k=256,bs=[1,1],nr=[1,2],per=[0,1,2,3],k_v=0,o=1): not supported [ROCm0] 
  MUL_MAT(type_a=q1_0,type_b=f16,m=16,n=1,k=256,bs=[3,1],nr=[1,1],per=[0,1,2,3],k_v=0,o=1): not supported [ROCm0] 
  MUL_MAT(type_a=q1_0,type_b=f16,m=16,n=1,k=256,bs=[3,1],nr=[2,1],per=[0,1,2,3],k_v=0,o=1): not supported [ROCm0] 
  MUL_MAT(type_a=q1_0,type_b=f16,m=16,n=1,k=256,bs=[3,2],nr=[1,1],per=[0,1,2,3],k_v=0,o=1): not supported [ROCm0] 
  MUL_MAT(type_a=q1_0,type_b=f16,m=16,n=1,k=256,bs=[3,2],nr=[2,1],per=[0,1,2,3],k_v=0,o=1): not supported [ROCm0] 
  MUL_MAT(type_a=q1_0,type_b=f16,m=16,n=1,k=256,bs=[3,2],nr=[1,2],per=[0,1,2,3],k_v=0,o=1): not supported [ROCm0] 
  MUL_MAT(type_a=q1_0,type_b=f16,m=16,n=1,k=256,bs=[3,2],nr=[2,2],per=[0,1,2,3],k_v=0,o=1): not supported [ROCm0] 
  MUL_MAT(type_a=q1_0,type_b=f16,m=16,n=4,k=256,bs=[3,2],nr=[2,2],per=[0,1,2,3],k_v=0,o=1): not supported [ROCm0] 
  MUL_MAT(type_a=q1_0,type_b=f16,m=16,n=16,k=256,bs=[1,1],nr=[1,1],per=[0,1,2,3],k_v=0,o=1): not supported [ROCm0] 
  MUL_MAT(type_a=q1_0,type_b=f16,m=16,n=16,k=256,bs=[1,1],nr=[2,1],per=[0,1,2,3],k_v=0,o=1): not supported [ROCm0] 
  MUL_MAT(type_a=q1_0,type_b=f16,m=16,n=16,k=256,bs=[1,1],nr=[1,2],per=[0,1,2,3],k_v=0,o=1): not supported [ROCm0] 
  MUL_MAT(type_a=q1_0,type_b=f16,m=16,n=16,k=256,bs=[3,1],nr=[1,1],per=[0,1,2,3],k_v=0,o=1): not supported [ROCm0] 
  MUL_MAT(type_a=q1_0,type_b=f16,m=16,n=16,k=256,bs=[3,1],nr=[2,1],per=[0,1,2,3],k_v=0,o=1): not supported [ROCm0] 
  MUL_MAT(type_a=q1_0,type_b=f16,m=16,n=16,k=256,bs=[3,2],nr=[1,1],per=[0,1,2,3],k_v=0,o=1): not supported [ROCm0] 
  MUL_MAT(type_a=q1_0,type_b=f16,m=16,n=16,k=256,bs=[3,2],nr=[2,1],per=[0,1,2,3],k_v=0,o=1): not supported [ROCm0] 
  MUL_MAT(type_a=q1_0,type_b=f16,m=16,n=16,k=256,bs=[3,2],nr=[1,2],per=[0,1,2,3],k_v=0,o=1): not supported [ROCm0] 
  MUL_MAT(type_a=q1_0,type_b=f16,m=16,n=16,k=256,bs=[3,2],nr=[2,2],per=[0,1,2,3],k_v=0,o=1): not supported [ROCm0] 
  MUL_MAT(type_a=q1_0,type_b=f16,m=16,n=1,k=256,bs=[2,3],nr=[1,1],per=[0,2,1,3],k_v=0,o=1): not supported [ROCm0] 
  MUL_MAT(type_a=q1_0,type_b=f16,m=16,n=1,k=256,bs=[2,3],nr=[1,1],per=[0,1,3,2],k_v=0,o=1): not supported [ROCm0] 
  MUL_MAT(type_a=q1_0,type_b=f16,m=16,n=1,k=256,bs=[2,3],nr=[1,1],per=[0,3,2,1],k_v=0,o=1): not supported [ROCm0] 
  MUL_MAT(type_a=q1_0,type_b=f16,m=16,n=4,k=256,bs=[2,3],nr=[1,1],per=[0,3,2,1],k_v=0,o=1): not supported [ROCm0] 
  MUL_MAT(type_a=q1_0,type_b=f16,m=16,n=8,k=256,bs=[2,3],nr=[1,1],per=[0,2,1,3],k_v=0,o=1): not supported [ROCm0] 
  MUL_MAT(type_a=q1_0,type_b=f16,m=16,n=8,k=256,bs=[2,3],nr=[1,1],per=[0,1,3,2],k_v=0,o=1): not supported [ROCm0] 
  MUL_MAT(type_a=q1_0,type_b=f16,m=16,n=8,k=256,bs=[2,3],nr=[1,1],per=[0,3,2,1],k_v=0,o=1): not supported [ROCm0] 
  MUL_MAT(type_a=q1_0,type_b=f16,m=16,n=16,k=256,bs=[2,3],nr=[1,1],per=[0,2,1,3],k_v=0,o=1): not supported [ROCm0] 
  MUL_MAT(type_a=q1_0,type_b=f16,m=16,n=16,k=256,bs=[2,3],nr=[1,1],per=[0,1,3,2],k_v=0,o=1): not supported [ROCm0] 
  MUL_MAT(type_a=q1_0,type_b=f16,m=16,n=16,k=256,bs=[2,3],nr=[1,1],per=[0,3,2,1],k_v=0,o=1): not supported [ROCm0] 
  MUL_MAT(type_a=q1_0,type_b=f16,m=16,n=1,k=1024,bs=[3,2],nr=[1,1],per=[0,1,2,3],k_v=0,o=1): not supported [ROCm0] 
  MUL_MAT(type_a=q1_0,type_b=f16,m=16,n=8,k=1024,bs=[3,2],nr=[1,1],per=[0,1,2,3],k_v=0,o=1): not supported [ROCm0] 
  MUL_MAT(type_a=q1_0,type_b=f16,m=16,n=16,k=1024,bs=[3,2],nr=[1,1],per=[0,1,2,3],k_v=0,o=1): not supported [ROCm0] 
  MUL_MAT(type_a=q1_0,type_b=f16,m=16,n=8,k=256,bs=[1536,1],nr=[1,1],per=[0,1,2,3],k_v=0,o=1): not supported [ROCm0] 
  MUL_MAT(type_a=q4_0,type_b=f32,m=16,n=1,k=256,bs=[1,1],nr=[1,1],per=[0,1,2,3],k_v=0,o=1): [1;32mOK[0m
  MUL_MAT(type_a=q4_0,type_b=f32,m=16,n=1,k=256,bs=[1,1],nr=[2,1],per=[0,1,2,3],k_v=0,o=1): [1;32mOK[0m
  MUL_MAT(type_a=q4_0,type_b=f32,m=16,n=1,k=256,bs=[1,1],nr=[1,2],per=[0,1,2,3],k_v=0,o=1): [1;32mOK[0m
  MUL_MAT(type_a=q4_0,type_b=f32,m=16,n=1,k=256,bs=[3,1],nr=[1,1],per=[0,1,2,3],k_v=0,o=1): [1;32mOK[0m
  MUL_MAT(type_a=q4_0,type_b=f32,m=16,n=1,k=256,bs=[3,1],nr=[2,1],per=[0,1,2,3],k_v=0,o=1): [1;32mOK[0m
  MUL_MAT(type_a=q4_0,type_b=f32,m=16,n=1,k=256,bs=[3,2],nr=[1,1],per=[0,1,2,3],k_v=0,o=1): [1;32mOK[0m
  MUL_MAT(type_a=q4_0,type_b=f32,m=16,n=1,k=256,bs=[3,2],nr=[2,1],per=[0,1,2,3],k_v=0,o=1): [1;32mOK[0m
  MUL_MAT(type_a=q4_0,type_b=f32,m=16,n=1,k=256,bs=[3,2],nr=[1,2],per=[0,1,2,3],k_v=0,o=1): [1;32mOK[0m
  MUL_MAT(type_a=q4_0,type_b=f32,m=16,n=1,k=256,bs=[3,2],nr=[2,2],per=[0,1,2,3],k_v=0,o=1): [1;32mOK[0m
  MUL_MAT(type_a=q4_0,type_b=f32,m=16,n=4,k=256,bs=[3,2],nr=[2,2],per=[0,1,2,3],k_v=0,o=1): [1;32mOK[0m
  MUL_MAT(type_a=q4_0,type_b=f32,m=16,n=16,k=256,bs=[1,1],nr=[1,1],per=[0,1,2,3],k_v=0,o=1): [1;32mOK[0m
  MUL_MAT(type_a=q4_0,type_b=f32,m=16,n=16,k=256,bs=[1,1],nr=[2,1],per=[0,1,2,3],k_v=0,o=1): [1;32mOK[0m
  MUL_MAT(type_a=q4_0,type_b=f32,m=16,n=16,k=256,bs=[1,1],nr=[1,2],per=[0,1,2,3],k_v=0,o=1): [1;32mOK[0m
  MUL_MAT(type_a=q4_0,type_b=f32,m=16,n=16,k=256,bs=[3,1],nr=[1,1],per=[0,1,2,3],k_v=0,o=1): [1;32mOK[0m
  MUL_MAT(type_a=q4_0,type_b=f32,m=16,n=16,k=256,bs=[3,1],nr=[2,1],per=[0,1,2,3],k_v=0,o=1): [1;32mOK[0m
  MUL_MAT(type_a=q4_0,type_b=f32,m=16,n=16,k=256,bs=[3,2],nr=[1,1],per=[0,1,2,3],k_v=0,o=1): [1;32mOK[0m
  MUL_MAT(type_a=q4_0,type_b=f32,m=16,n=16,k=256,bs=[3,2],nr=[2,1],per=[0,1,2,3],k_v=0,o=1): [1;32mOK[0m
  MUL_MAT(type_a=q4_0,type_b=f32,m=16,n=16,k=256,bs=[3,2],nr=[1,2],per=[0,1,2,3],k_v=0,o=1): [1;32mOK[0m
  MUL_MAT(type_a=q4_0,type_b=f32,m=16,n=16,k=256,bs=[3,2],nr=[2,2],per=[0,1,2,3],k_v=0,o=1): [1;32mOK[0m
  MUL_MAT(type_a=q4_0,type_b=f32,m=16,n=1,k=256,bs=[2,3],nr=[1,1],per=[0,2,1,3],k_v=0,o=1): [1;32mOK[0m
  MUL_MAT(type_a=q4_0,type_b=f32,m=16,n=1,k=256,bs=[2,3],nr=[1,1],per=[0,1,3,2],k_v=0,o=1): [1;32mOK[0m
  MUL_MAT(type_a=q4_0,type_b=f32,m=16,n=1,k=256,bs=[2,3],nr=[1,1],per=[0,3,2,1],k_v=0,o=1): [1;32mOK[0m
  MUL_MAT(type_a=q4_0,type_b=f32,m=16,n=4,k=256,bs=[2,3],nr=[1,1],per=[0,3,2,1],k_v=0,o=1): [1;32mOK[0m
  MUL_MAT(type_a=q4_0,type_b=f32,m=16,n=8,k=256,bs=[2,3],nr=[1,1],per=[0,2,1,3],k_v=0,o=1): [1;32mOK[0m
  MUL_MAT(type_a=q4_0,type_b=f32,m=16,n=8,k=256,bs=[2,3],nr=[1,1],per=[0,1,3,2],k_v=0,o=1): [1;32mOK[0m
  MUL_MAT(type_a=q4_0,type_b=f32,m=16,n=8,k=256,bs=[2,3],nr=[1,1],per=[0,3,2,1],k_v=0,o=1): [1;32mOK[0m
  MUL_MAT(type_a=q4_0,type_b=f32,m=16,n=16,k=256,bs=[2,3],nr=[1,1],per=[0,2,1,3],k_v=0,o=1): [1;32mOK[0m
  MUL_MAT(type_a=q4_0,type_b=f32,m=16,n=16,k=256,bs=[2,3],nr=[1,1],per=[0,1,3,2],k_v=0,o=1): [1;32mOK[0m
  MUL_MAT(type_a=q4_0,type_b=f32,m=16,n=16,k=256,bs=[2,3],nr=[1,1],per=[0,3,2,1],k_v=0,o=1): [1;32mOK[0m
  MUL_MAT(type_a=q4_0,type_b=f32,m=16,n=1,k=1024,bs=[3,2],nr=[1,1],per=[0,1,2,3],k_v=0,o=1): [1;32mOK[0m
  MUL_MAT(type_a=q4_0,type_b=f32,m=16,n=8,k=1024,bs=[3,2],nr=[1,1],per=[0,1,2,3],k_v=0,o=1): [1;32mOK[0m
  MUL_MAT(type_a=q4_0,type_b=f32,m=16,n=16,k=1024,bs=[3,2],nr=[1,1],per=[0,1,2,3],k_v=0,o=1): [1;32mOK[0m
  MUL_MAT(type_a=q4_0,type_b=f32,m=16,n=8,k=256,bs=[1536,1],nr=[1,1],per=[0,1,2,3],k_v=0,o=1): [1;32mOK[0m
  MUL_MAT(type_a=q4_0,type_b=f16,m=16,n=1,k=256,bs=[1,1],nr=[1,1],per=[0,1,2,3],k_v=0,o=1): not supported [ROCm0] 
  MUL_MAT(type_a=q4_0,type_b=f16,m=16,n=1,k=256,bs=[1,1],nr=[2,1],per=[0,1,2,3],k_v=0,o=1): not supported [ROCm0] 
  MUL_MAT(type_a=q4_0,type_b=f16,m=16,n=1,k=256,bs=[1,1],nr=[1,2],per=[0,1,2,3],k_v=0,o=1): not supported [ROCm0] 
  MUL_MAT(type_a=q4_0,type_b=f16,m=16,n=1,k=256,bs=[3,1],nr=[1,1],per=[0,1,2,3],k_v=0,o=1): not supported [ROCm0] 
  MUL_MAT(type_a=q4_0,type_b=f16,m=16,n=1,k=256,bs=[3,1],nr=[2,1],per=[0,1,2,3],k_v=0,o=1): not supported [ROCm0] 
  MUL_MAT(type_a=q4_0,type_b=f16,m=16,n=1,k=256,bs=[3,2],nr=[1,1],per=[0,1,2,3],k_v=0,o=1): not supported [ROCm0] 
  MUL_MAT(type_a=q4_0,type_b=f16,m=16,n=1,k=256,bs=[3,2],nr=[2,1],per=[0,1,2,3],k_v=0,o=1): not supported [ROCm0] 
  MUL_MAT(type_a=q4_0,type_b=f16,m=16,n=1,k=256,bs=[3,2],nr=[1,2],per=[0,1,2,3],k_v=0,o=1): not supported [ROCm0] 
  MUL_MAT(type_a=q4_0,type_b=f16,m=16,n=1,k=256,bs=[3,2],nr=[2,2],per=[0,1,2,3],k_v=0,o=1): not supported [ROCm0] 
  MUL_MAT(type_a=q4_0,type_b=f16,m=16,n=4,k=256,bs=[3,2],nr=[2,2],per=[0,1,2,3],k_v=0,o=1): not supported [ROCm0] 
  MUL_MAT(type_a=q4_0,type_b=f16,m=16,n=16,k=256,bs=[1,1],nr=[1,1],per=[0,1,2,3],k_v=0,o=1): not supported [ROCm0] 
  MUL_MAT(type_a=q4_0,type_b=f16,m=16,n=16,k=256,bs=[1,1],nr=[2,1],per=[0,1,2,3],k_v=0,o=1): not supported [ROCm0] 
  MUL_MAT(type_a=q4_0,type_b=f16,m=16,n=16,k=256,bs=[1,1],nr=[1,2],per=[0,1,2,3],k_v=0,o=1): not supported [ROCm0] 
  MUL_MAT(type_a=q4_0,type_b=f16,m=16,n=16,k=256,bs=[3,1],nr=[1,1],per=[0,1,2,3],k_v=0,o=1): not supported [ROCm0] 
  MUL_MAT(type_a=q4_0,type_b=f16,m=16,n=16,k=256,bs=[3,1],nr=[2,1],per=[0,1,2,3],k_v=0,o=1): not supported [ROCm0] 
  MUL_MAT(type_a=q4_0,type_b=f16,m=16,n=16,k=256,bs=[3,2],nr=[1,1],per=[0,1,2,3],k_v=0,o=1): not supported [ROCm0] 
  MUL_MAT(type_a=q4_0,type_b=f16,m=16,n=16,k=256,bs=[3,2],nr=[2,1],per=[0,1,2,3],k_v=0,o=1): not supported [ROCm0] 
  MUL_MAT(type_a=q4_0,type_b=f16,m=16,n=16,k=256,bs=[3,2],nr=[1,2],per=[0,1,2,3],k_v=0,o=1): not supported [ROCm0] 
  MUL_MAT(type_a=q4_0,type_b=f16,m=16,n=16,k=256,bs=[3,2],nr=[2,2],per=[0,1,2,3],k_v=0,o=1): not supported [ROCm0] 
  MUL_MAT(type_a=q4_0,type_b=f16,m=16,n=1,k=256,bs=[2,3],nr=[1,1],per=[0,2,1,3],k_v=0,o=1): not supported [ROCm0] 
  MUL_MAT(type_a=q4_0,type_b=f16,m=16,n=1,k=256,bs=[2,3],nr=[1,1],per=[0,1,3,2],k_v=0,o=1): not supported [ROCm0] 
  MUL_MAT(type_a=q4_0,type_b=f16,m=16,n=1,k=256,bs=[2,3],nr=[1,1],per=[0,3,2,1],k_v=0,o=1): not supported [ROCm0] 
  MUL_MAT(type_a=q4_0,type_b=f16,m=16,n=4,k=256,bs=[2,3],nr=[1,1],per=[0,3,2,1],k_v=0,o=1): not supported [ROCm0] 
  MUL_MAT(type_a=q4_0,type_b=f16,m=16,n=8,k=256,bs=[2,3],nr=[1,1],per=[0,2,1,3],k_v=0,o=1): not supported [ROCm0] 
  MUL_MAT(type_a=q4_0,type_b=f16,m=16,n=8,k=256,bs=[2,3],nr=[1,1],per=[0,1,3,2],k_v=0,o=1): not supported [ROCm0] 
  MUL_MAT(type_a=q4_0,type_b=f16,m=16,n=8,k=256,bs=[2,3],nr=[1,1],per=[0,3,2,1],k_v=0,o=1): not supported [ROCm0] 
  MUL_MAT(type_a=q4_0,type_b=f16,m=16,n=16,k=256,bs=[2,3],nr=[1,1],per=[0,2,1,3],k_v=0,o=1): not supported [ROCm0] 
  MUL_MAT(type_a=q4_0,type_b=f16,m=16,n=16,k=256,bs=[2,3],nr=[1,1],per=[0,1,3,2],k_v=0,o=1): not supported [ROCm0] 
  MUL_MAT(type_a=q4_0,type_b=f16,m=16,n=16,k=256,bs=[2,3],nr=[1,1],per=[0,3,2,1],k_v=0,o=1): not supported [ROCm0] 
  MUL_MAT(type_a=q4_0,type_b=f16,m=16,n=1,k=1024,bs=[3,2],nr=[1,1],per=[0,1,2,3],k_v=0,o=1): not supported [ROCm0] 
  MUL_MAT(type_a=q4_0,type_b=f16,m=16,n=8,k=1024,bs=[3,2],nr=[1,1],per=[0,1,2,3],k_v=0,o=1): not supported [ROCm0] 
  MUL_MAT(type_a=q4_0,type_b=f16,m=16,n=16,k=1024,bs=[3,2],nr=[1,1],per=[0,1,2,3],k_v=0,o=1): not supported [ROCm0] 
  MUL_MAT(type_a=q4_0,type_b=f16,m=16,n=8,k=256,bs=[1536,1],nr=[1,1],per=[0,1,2,3],k_v=0,o=1): not supported [ROCm0] 
  MUL_MAT(type_a=q4_1,type_b=f32,m=16,n=1,k=256,bs=[1,1],nr=[1,1],per=[0,1,2,3],k_v=0,o=1): [1;32mOK[0m
  MUL_MAT(type_a=q4_1,type_b=f32,m=16,n=1,k=256,bs=[1,1],nr=[2,1],per=[0,1,2,3],k_v=0,o=1): [1;32mOK[0m
  MUL_MAT(type_a=q4_1,type_b=f32,m=16,n=1,k=256,bs=[1,1],nr=[1,2],per=[0,1,2,3],k_v=0,o=1): [1;32mOK[0m
  MUL_MAT(type_a=q4_1,type_b=f32,m=16,n=1,k=256,bs=[3,1],nr=[1,1],per=[0,1,2,3],k_v=0,o=1): [1;32mOK[0m
  MUL_MAT(type_a=q4_1,type_b=f32,m=16,n=1,k=256,bs=[3,1],nr=[2,1],per=[0,1,2,3],k_v=0,o=1): [1;32mOK[0m
  MUL_MAT(type_a=q4_1,type_b=f32,m=16,n=1,k=256,bs=[3,2],nr=[1,1],per=[0,1,2,3],k_v=0,o=1): [1;32mOK[0m
  MUL_MAT(type_a=q4_1,type_b=f32,m=16,n=1,k=256,bs=[3,2],nr=[2,1],per=[0,1,2,3],k_v=0,o=1): [1;32mOK[0m
  MUL_MAT(type_a=q4_1,type_b=f32,m=16,n=1,k=256,bs=[3,2],nr=[1,2],per=[0,1,2,3],k_v=0,o=1): [1;32mOK[0m
  MUL_MAT(type_a=q4_1,type_b=f32,m=16,n=1,k=256,bs=[3,2],nr=[2,2],per=[0,1,2,3],k_v=0,o=1): [1;32mOK[0m
  MUL_MAT(type_a=q4_1,type_b=f32,m=16,n=4,k=256,bs=[3,2],nr=[2,2],per=[0,1,2,3],k_v=0,o=1): [1;32mOK[0m
  MUL_MAT(type_a=q4_1,type_b=f32,m=16,n=16,k=256,bs=[1,1],nr=[1,1],per=[0,1,2,3],k_v=0,o=1): [1;32mOK[0m
  MUL_MAT(type_a=q4_1,type_b=f32,m=16,n=16,k=256,bs=[1,1],nr=[2,1],per=[0,1,2,3],k_v=0,o=1): [1;32mOK[0m
  MUL_MAT(type_a=q4_1,type_b=f32,m=16,n=16,k=256,bs=[1,1],nr=[1,2],per=[0,1,2,3],k_v=0,o=1): [1;32mOK[0m
  MUL_MAT(type_a=q4_1,type_b=f32,m=16,n=16,k=256,bs=[3,1],nr=[1,1],per=[0,1,2,3],k_v=0,o=1): [1;32mOK[0m
  MUL_MAT(type_a=q4_1,type_b=f32,m=16,n=16,k=256,bs=[3,1],nr=[2,1],per=[0,1,2,3],k_v=0,o=1): [1;32mOK[0m
  MUL_MAT(type_a=q4_1,type_b=f32,m=16,n=16,k=256,bs=[3,2],nr=[1,1],per=[0,1,2,3],k_v=0,o=1): [1;32mOK[0m
  MUL_MAT(type_a=q4_1,type_b=f32,m=16,n=16,k=256,bs=[3,2],nr=[2,1],per=[0,1,2,3],k_v=0,o=1): [1;32mOK[0m
  MUL_MAT(type_a=q4_1,type_b=f32,m=16,n=16,k=256,bs=[3,2],nr=[1,2],per=[0,1,2,3],k_v=0,o=1): [1;32mOK[0m
  MUL_MAT(type_a=q4_1,type_b=f32,m=16,n=16,k=256,bs=[3,2],nr=[2,2],per=[0,1,2,3],k_v=0,o=1): [1;32mOK[0m
  MUL_MAT(type_a=q4_1,type_b=f32,m=16,n=1,k=256,bs=[2,3],nr=[1,1],per=[0,2,1,3],k_v=0,o=1): [1;32mOK[0m
  MUL_MAT(type_a=q4_1,type_b=f32,m=16,n=1,k=256,bs=[2,3],nr=[1,1],per=[0,1,3,2],k_v=0,o=1): [1;32mOK[0m
  MUL_MAT(type_a=q4_1,type_b=f32,m=16,n=1,k=256,bs=[2,3],nr=[1,1],per=[0,3,2,1],k_v=0,o=1): [1;32mOK[0m
  MUL_MAT(type_a=q4_1,type_b=f32,m=16,n=4,k=256,bs=[2,3],nr=[1,1],per=[0,3,2,1],k_v=0,o=1): [1;32mOK[0m
  MUL_MAT(type_a=q4_1,type_b=f32,m=16,n=8,k=256,bs=[2,3],nr=[1,1],per=[0,2,1,3],k_v=0,o=1): [1;32mOK[0m
  MUL_MAT(type_a=q4_1,type_b=f32,m=16,n=8,k=256,bs=[2,3],nr=[1,1],per=[0,1,3,2],k_v=0,o=1): [1;32mOK[0m
  MUL_MAT(type_a=q4_1,type_b=f32,m=16,n=8,k=256,bs=[2,3],nr=[1,1],per=[0,3,2,1],k_v=0,o=1): [1;32mOK[0m
  MUL_MAT(type_a=q4_1,type_b=f32,m=16,n=16,k=256,bs=[2,3],nr=[1,1],per=[0,2,1,3],k_v=0,o=1): [1;32mOK[0m
  MUL_MAT(type_a=q4_1,type_b=f32,m=16,n=16,k=256,bs=[2,3],nr=[1,1],per=[0,1,3,2],k_v=0,o=1): [1;32mOK[0m
  MUL_MAT(type_a=q4_1,type_b=f32,m=16,n=16,k=256,bs=[2,3],nr=[1,1],per=[0,3,2,1],k_v=0,o=1): [1;32mOK[0m
  MUL_MAT(type_a=q4_1,type_b=f32,m=16,n=1,k=1024,bs=[3,2],nr=[1,1],per=[0,1,2,3],k_v=0,o=1): [1;32mOK[0m
  MUL_MAT(type_a=q4_1,type_b=f32,m=16,n=8,k=1024,bs=[3,2],nr=[1,1],per=[0,1,2,3],k_v=0,o=1): [1;32mOK[0m
  MUL_MAT(type_a=q4_1,type_b=f32,m=16,n=16,k=1024,bs=[3,2],nr=[1,1],per=[0,1,2,3],k_v=0,o=1): [1;32mOK[0m
  MUL_MAT(type_a=q4_1,type_b=f32,m=16,n=8,k=256,bs=[1536,1],nr=[1,1],per=[0,1,2,3],k_v=0,o=1): [1;32mOK[0m
  MUL_MAT(type_a=q4_1,type_b=f16,m=16,n=1,k=256,bs=[1,1],nr=[1,1],per=[0,1,2,3],k_v=0,o=1): not supported [ROCm0] 
  MUL_MAT(type_a=q4_1,type_b=f16,m=16,n=1,k=256,bs=[1,1],nr=[2,1],per=[0,1,2,3],k_v=0,o=1): not supported [ROCm0] 
  MUL_MAT(type_a=q4_1,type_b=f16,m=16,n=1,k=256,bs=[1,1],nr=[1,2],per=[0,1,2,3],k_v=0,o=1): not supported [ROCm0] 
  MUL_MAT(type_a=q4_1,type_b=f16,m=16,n=1,k=256,bs=[3,1],nr=[1,1],per=[0,1,2,3],k_v=0,o=1): not supported [ROCm0] 
  MUL_MAT(type_a=q4_1,type_b=f16,m=16,n=1,k=256,bs=[3,1],nr=[2,1],per=[0,1,2,3],k_v=0,o=1): not supported [ROCm0] 
  MUL_MAT(type_a=q4_1,type_b=f16,m=16,n=1,k=256,bs=[3,2],nr=[1,1],per=[0,1,2,3],k_v=0,o=1): not supported [ROCm0] 
  MUL_MAT(type_a=q4_1,type_b=f16,m=16,n=1,k=256,bs=[3,2],nr=[2,1],per=[0,1,2,3],k_v=0,o=1): not supported [ROCm0] 
  MUL_MAT(type_a=q4_1,type_b=f16,m=16,n=1,k=256,bs=[3,2],nr=[1,2],per=[0,1,2,3],k_v=0,o=1): not supported [ROCm0] 
  MUL_MAT(type_a=q4_1,type_b=f16,m=16,n=1,k=256,bs=[3,2],nr=[2,2],per=[0,1,2,3],k_v=0,o=1): not supported [ROCm0] 
  MUL_MAT(type_a=q4_1,type_b=f16,m=16,n=4,k=256,bs=[3,2],nr=[2,2],per=[0,1,2,3],k_v=0,o=1): not supported [ROCm0] 
  MUL_MAT(type_a=q4_1,type_b=f16,m=16,n=16,k=256,bs=[1,1],nr=[1,1],per=[0,1,2,3],k_v=0,o=1): not supported [ROCm0] 
  MUL_MAT(type_a=q4_1,type_b=f16,m=16,n=16,k=256,bs=[1,1],nr=[2,1],per=[0,1,2,3],k_v=0,o=1): not supported [ROCm0] 
  MUL_MAT(type_a=q4_1,type_b=f16,m=16,n=16,k=256,bs=[1,1],nr=[1,2],per=[0,1,2,3],k_v=0,o=1): not supported [ROCm0] 
  MUL_MAT(type_a=q4_1,type_b=f16,m=16,n=16,k=256,bs=[3,1],nr=[1,1],per=[0,1,2,3],k_v=0,o=1): not supported [ROCm0] 
  MUL_MAT(type_a=q4_1,type_b=f16,m=16,n=16,k=256,bs=[3,1],nr=[2,1],per=[0,1,2,3],k_v=0,o=1): not supported [ROCm0] 
  MUL_MAT(type_a=q4_1,type_b=f16,m=16,n=16,k=256,bs=[3,2],nr=[1,1],per=[0,1,2,3],k_v=0,o=1): not supported [ROCm0] 
  MUL_MAT(type_a=q4_1,type_b=f16,m=16,n=16,k=256,bs=[3,2],nr=[2,1],per=[0,1,2,3],k_v=0,o=1): not supported [ROCm0] 
  MUL_MAT(type_a=q4_1,type_b=f16,m=16,n=16,k=256,bs=[3,2],nr=[1,2],per=[0,1,2,3],k_v=0,o=1): not supported [ROCm0] 
  MUL_MAT(type_a=q4_1,type_b=f16,m=16,n=16,k=256,bs=[3,2],nr=[2,2],per=[0,1,2,3],k_v=0,o=1): not supported [ROCm0] 
  MUL_MAT(type_a=q4_1,type_b=f16,m=16,n=1,k=256,bs=[2,3],nr=[1,1],per=[0,2,1,3],k_v=0,o=1): not supported [ROCm0] 
  MUL_MAT(type_a=q4_1,type_b=f16,m=16,n=1,k=256,bs=[2,3],nr=[1,1],per=[0,1,3,2],k_v=0,o=1): not supported [ROCm0] 
  MUL_MAT(type_a=q4_1,type_b=f16,m=16,n=1,k=256,bs=[2,3],nr=[1,1],per=[0,3,2,1],k_v=0,o=1): not supported [ROCm0] 
  MUL_MAT(type_a=q4_1,type_b=f16,m=16,n=4,k=256,bs=[2,3],nr=[1,1],per=[0,3,2,1],k_v=0,o=1): not supported [ROCm0] 
  MUL_MAT(type_a=q4_1,type_b=f16,m=16,n=8,k=256,bs=[2,3],nr=[1,1],per=[0,2,1,3],k_v=0,o=1): not supported [ROCm0] 
  MUL_MAT(type_a=q4_1,type_b=f16,m=16,n=8,k=256,bs=[2,3],nr=[1,1],per=[0,1,3,2],k_v=0,o=1): not supported [ROCm0] 
  MUL_MAT(type_a=q4_1,type_b=f16,m=16,n=8,k=256,bs=[2,3],nr=[1,1],per=[0,3,2,1],k_v=0,o=1): not supported [ROCm0] 
  MUL_MAT(type_a=q4_1,type_b=f16,m=16,n=16,k=256,bs=[2,3],nr=[1,1],per=[0,2,1,3],k_v=0,o=1): not supported [ROCm0] 
  MUL_MAT(type_a=q4_1,type_b=f16,m=16,n=16,k=256,bs=[2,3],nr=[1,1],per=[0,1,3,2],k_v=0,o=1): not supported [ROCm0] 
  MUL_MAT(type_a=q4_1,type_b=f16,m=16,n=16,k=256,bs=[2,3],nr=[1,1],per=[0,3,2,1],k_v=0,o=1): not supported [ROCm0] 
  MUL_MAT(type_a=q4_1,type_b=f16,m=16,n=1,k=1024,bs=[3,2],nr=[1,1],per=[0,1,2,3],k_v=0,o=1): not supported [ROCm0] 
  MUL_MAT(type_a=q4_1,type_b=f16,m=16,n=8,k=1024,bs=[3,2],nr=[1,1],per=[0,1,2,3],k_v=0,o=1): not supported [ROCm0] 
  MUL_MAT(type_a=q4_1,type_b=f16,m=16,n=16,k=1024,bs=[3,2],nr=[1,1],per=[0,1,2,3],k_v=0,o=1): not supported [ROCm0] 
  MUL_MAT(type_a=q4_1,type_b=f16,m=16,n=8,k=256,bs=[1536,1],nr=[1,1],per=[0,1,2,3],k_v=0,o=1): not supported [ROCm0] 
  MUL_MAT(type_a=q4_K,type_b=f32,m=16,n=1,k=256,bs=[1,1],nr=[1,1],per=[0,1,2,3],k_v=0,o=1): [1;32mOK[0m
  MUL_MAT(type_a=q4_K,type_b=f32,m=16,n=1,k=256,bs=[1,1],nr=[2,1],per=[0,1,2,3],k_v=0,o=1): [1;32mOK[0m
  MUL_MAT(type_a=q4_K,type_b=f32,m=16,n=1,k=256,bs=[1,1],nr=[1,2],per=[0,1,2,3],k_v=0,o=1): [1;32mOK[0m
  MUL_MAT(type_a=q4_K,type_b=f32,m=16,n=1,k=256,bs=[3,1],nr=[1,1],per=[0,1,2,3],k_v=0,o=1): [1;32mOK[0m
  MUL_MAT(type_a=q4_K,type_b=f32,m=16,n=1,k=256,bs=[3,1],nr=[2,1],per=[0,1,2,3],k_v=0,o=1): [1;32mOK[0m
  MUL_MAT(type_a=q4_K,type_b=f32,m=16,n=1,k=256,bs=[3,2],nr=[1,1],per=[0,1,2,3],k_v=0,o=1): [1;32mOK[0m
  MUL_MAT(type_a=q4_K,type_b=f32,m=16,n=1,k=256,bs=[3,2],nr=[2,1],per=[0,1,2,3],k_v=0,o=1): [1;32mOK[0m
  MUL_MAT(type_a=q4_K,type_b=f32,m=16,n=1,k=256,bs=[3,2],nr=[1,2],per=[0,1,2,3],k_v=0,o=1): [1;32mOK[0m
  MUL_MAT(type_a=q4_K,type_b=f32,m=16,n=1,k=256,bs=[3,2],nr=[2,2],per=[0,1,2,3],k_v=0,o=1): [1;32mOK[0m
  MUL_MAT(type_a=q4_K,type_b=f32,m=16,n=4,k=256,bs=[3,2],nr=[2,2],per=[0,1,2,3],k_v=0,o=1): [1;32mOK[0m
  MUL_MAT(type_a=q4_K,type_b=f32,m=16,n=16,k=256,bs=[1,1],nr=[1,1],per=[0,1,2,3],k_v=0,o=1): [1;32mOK[0m
  MUL_MAT(type_a=q4_K,type_b=f32,m=16,n=16,k=256,bs=[1,1],nr=[2,1],per=[0,1,2,3],k_v=0,o=1): [1;32mOK[0m
  MUL_MAT(type_a=q4_K,type_b=f32,m=16,n=16,k=256,bs=[1,1],nr=[1,2],per=[0,1,2,3],k_v=0,o=1): [1;32mOK[0m
  MUL_MAT(type_a=q4_K,type_b=f32,m=16,n=16,k=256,bs=[3,1],nr=[1,1],per=[0,1,2,3],k_v=0,o=1): [1;32mOK[0m
  MUL_MAT(type_a=q4_K,type_b=f32,m=16,n=16,k=256,bs=[3,1],nr=[2,1],per=[0,1,2,3],k_v=0,o=1): [1;32mOK[0m
  MUL_MAT(type_a=q4_K,type_b=f32,m=16,n=16,k=256,bs=[3,2],nr=[1,1],per=[0,1,2,3],k_v=0,o=1): [1;32mOK[0m
  MUL_MAT(type_a=q4_K,type_b=f32,m=16,n=16,k=256,bs=[3,2],nr=[2,1],per=[0,1,2,3],k_v=0,o=1): [1;32mOK[0m
  MUL_MAT(type_a=q4_K,type_b=f32,m=16,n=16,k=256,bs=[3,2],nr=[1,2],per=[0,1,2,3],k_v=0,o=1): [1;32mOK[0m
  MUL_MAT(type_a=q4_K,type_b=f32,m=16,n=16,k=256,bs=[3,2],nr=[2,2],per=[0,1,2,3],k_v=0,o=1): [1;32mOK[0m
  MUL_MAT(type_a=q4_K,type_b=f32,m=16,n=1,k=256,bs=[2,3],nr=[1,1],per=[0,2,1,3],k_v=0,o=1): [1;32mOK[0m
  MUL_MAT(type_a=q4_K,type_b=f32,m=16,n=1,k=256,bs=[2,3],nr=[1,1],per=[0,1,3,2],k_v=0,o=1): [1;32mOK[0m
  MUL_MAT(type_a=q4_K,type_b=f32,m=16,n=1,k=256,bs=[2,3],nr=[1,1],per=[0,3,2,1],k_v=0,o=1): [1;32mOK[0m
  MUL_MAT(type_a=q4_K,type_b=f32,m=16,n=4,k=256,bs=[2,3],nr=[1,1],per=[0,3,2,1],k_v=0,o=1): [1;32mOK[0m
  MUL_MAT(type_a=q4_K,type_b=f32,m=16,n=8,k=256,bs=[2,3],nr=[1,1],per=[0,2,1,3],k_v=0,o=1): [1;32mOK[0m
  MUL_MAT(type_a=q4_K,type_b=f32,m=16,n=8,k=256,bs=[2,3],nr=[1,1],per=[0,1,3,2],k_v=0,o=1): [1;32mOK[0m
  MUL_MAT(type_a=q4_K,type_b=f32,m=16,n=8,k=256,bs=[2,3],nr=[1,1],per=[0,3,2,1],k_v=0,o=1): [1;32mOK[0m
  MUL_MAT(type_a=q4_K,type_b=f32,m=16,n=16,k=256,bs=[2,3],nr=[1,1],per=[0,2,1,3],k_v=0,o=1): [1;32mOK[0m
  MUL_MAT(type_a=q4_K,type_b=f32,m=16,n=16,k=256,bs=[2,3],nr=[1,1],per=[0,1,3,2],k_v=0,o=1): [1;32mOK[0m
  MUL_MAT(type_a=q4_K,type_b=f32,m=16,n=16,k=256,bs=[2,3],nr=[1,1],per=[0,3,2,1],k_v=0,o=1): [1;32mOK[0m
  MUL_MAT(type_a=q4_K,type_b=f32,m=16,n=1,k=1024,bs=[3,2],nr=[1,1],per=[0,1,2,3],k_v=0,o=1): [1;32mOK[0m
  MUL_MAT(type_a=q4_K,type_b=f32,m=16,n=8,k=1024,bs=[3,2],nr=[1,1],per=[0,1,2,3],k_v=0,o=1): [1;32mOK[0m
  MUL_MAT(type_a=q4_K,type_b=f32,m=16,n=16,k=1024,bs=[3,2],nr=[1,1],per=[0,1,2,3],k_v=0,o=1): [1;32mOK[0m
  MUL_MAT(type_a=q4_K,type_b=f32,m=16,n=8,k=256,bs=[1536,1],nr=[1,1],per=[0,1,2,3],k_v=0,o=1): [1;32mOK[0m
  MUL_MAT(type_a=q4_K,type_b=f16,m=16,n=1,k=256,bs=[1,1],nr=[1,1],per=[0,1,2,3],k_v=0,o=1): not supported [ROCm0] 
  MUL_MAT(type_a=q4_K,type_b=f16,m=16,n=1,k=256,bs=[1,1],nr=[2,1],per=[0,1,2,3],k_v=0,o=1): not supported [ROCm0] 
  MUL_MAT(type_a=q4_K,type_b=f16,m=16,n=1,k=256,bs=[1,1],nr=[1,2],per=[0,1,2,3],k_v=0,o=1): not supported [ROCm0] 
  MUL_MAT(type_a=q4_K,type_b=f16,m=16,n=1,k=256,bs=[3,1],nr=[1,1],per=[0,1,2,3],k_v=0,o=1): not supported [ROCm0] 
  MUL_MAT(type_a=q4_K,type_b=f16,m=16,n=1,k=256,bs=[3,1],nr=[2,1],per=[0,1,2,3],k_v=0,o=1): not supported [ROCm0] 
  MUL_MAT(type_a=q4_K,type_b=f16,m=16,n=1,k=256,bs=[3,2],nr=[1,1],per=[0,1,2,3],k_v=0,o=1): not supported [ROCm0] 
  MUL_MAT(type_a=q4_K,type_b=f16,m=16,n=1,k=256,bs=[3,2],nr=[2,1],per=[0,1,2,3],k_v=0,o=1): not supported [ROCm0] 
  MUL_MAT(type_a=q4_K,type_b=f16,m=16,n=1,k=256,bs=[3,2],nr=[1,2],per=[0,1,2,3],k_v=0,o=1): not supported [ROCm0] 
  MUL_MAT(type_a=q4_K,type_b=f16,m=16,n=1,k=256,bs=[3,2],nr=[2,2],per=[0,1,2,3],k_v=0,o=1): not supported [ROCm0] 
  MUL_MAT(type_a=q4_K,type_b=f16,m=16,n=4,k=256,bs=[3,2],nr=[2,2],per=[0,1,2,3],k_v=0,o=1): not supported [ROCm0] 
  MUL_MAT(type_a=q4_K,type_b=f16,m=16,n=16,k=256,bs=[1,1],nr=[1,1],per=[0,1,2,3],k_v=0,o=1): not supported [ROCm0] 
  MUL_MAT(type_a=q4_K,type_b=f16,m=16,n=16,k=256,bs=[1,1],nr=[2,1],per=[0,1,2,3],k_v=0,o=1): not supported [ROCm0] 
  MUL_MAT(type_a=q4_K,type_b=f16,m=16,n=16,k=256,bs=[1,1],nr=[1,2],per=[0,1,2,3],k_v=0,o=1): not supported [ROCm0] 
  MUL_MAT(type_a=q4_K,type_b=f16,m=16,n=16,k=256,bs=[3,1],nr=[1,1],per=[0,1,2,3],k_v=0,o=1): not supported [ROCm0] 
  MUL_MAT(type_a=q4_K,type_b=f16,m=16,n=16,k=256,bs=[3,1],nr=[2,1],per=[0,1,2,3],k_v=0,o=1): not supported [ROCm0] 
  MUL_MAT(type_a=q4_K,type_b=f16,m=16,n=16,k=256,bs=[3,2],nr=[1,1],per=[0,1,2,3],k_v=0,o=1): not supported [ROCm0] 
  MUL_MAT(type_a=q4_K,type_b=f16,m=16,n=16,k=256,bs=[3,2],nr=[2,1],per=[0,1,2,3],k_v=0,o=1): not supported [ROCm0] 
  MUL_MAT(type_a=q4_K,type_b=f16,m=16,n=16,k=256,bs=[3,2],nr=[1,2],per=[0,1,2,3],k_v=0,o=1): not supported [ROCm0] 
  MUL_MAT(type_a=q4_K,type_b=f16,m=16,n=16,k=256,bs=[3,2],nr=[2,2],per=[0,1,2,3],k_v=0,o=1): not supported [ROCm0] 
  MUL_MAT(type_a=q4_K,type_b=f16,m=16,n=1,k=256,bs=[2,3],nr=[1,1],per=[0,2,1,3],k_v=0,o=1): not supported [ROCm0] 
  MUL_MAT(type_a=q4_K,type_b=f16,m=16,n=1,k=256,bs=[2,3],nr=[1,1],per=[0,1,3,2],k_v=0,o=1): not supported [ROCm0] 
  MUL_MAT(type_a=q4_K,type_b=f16,m=16,n=1,k=256,bs=[2,3],nr=[1,1],per=[0,3,2,1],k_v=0,o=1): not supported [ROCm0] 
  MUL_MAT(type_a=q4_K,type_b=f16,m=16,n=4,k=256,bs=[2,3],nr=[1,1],per=[0,3,2,1],k_v=0,o=1): not supported [ROCm0] 
  MUL_MAT(type_a=q4_K,type_b=f16,m=16,n=8,k=256,bs=[2,3],nr=[1,1],per=[0,2,1,3],k_v=0,o=1): not supported [ROCm0] 
  MUL_MAT(type_a=q4_K,type_b=f16,m=16,n=8,k=256,bs=[2,3],nr=[1,1],per=[0,1,3,2],k_v=0,o=1): not supported [ROCm0] 
  MUL_MAT(type_a=q4_K,type_b=f16,m=16,n=8,k=256,bs=[2,3],nr=[1,1],per=[0,3,2,1],k_v=0,o=1): not supported [ROCm0] 
  MUL_MAT(type_a=q4_K,type_b=f16,m=16,n=16,k=256,bs=[2,3],nr=[1,1],per=[0,2,1,3],k_v=0,o=1): not supported [ROCm0] 
  MUL_MAT(type_a=q4_K,type_b=f16,m=16,n=16,k=256,bs=[2,3],nr=[1,1],per=[0,1,3,2],k_v=0,o=1): not supported [ROCm0] 
  MUL_MAT(type_a=q4_K,type_b=f16,m=16,n=16,k=256,bs=[2,3],nr=[1,1],per=[0,3,2,1],k_v=0,o=1): not supported [ROCm0] 
  MUL_MAT(type_a=q4_K,type_b=f16,m=16,n=1,k=1024,bs=[3,2],nr=[1,1],per=[0,1,2,3],k_v=0,o=1): not supported [ROCm0] 
  MUL_MAT(type_a=q4_K,type_b=f16,m=16,n=8,k=1024,bs=[3,2],nr=[1,1],per=[0,1,2,3],k_v=0,o=1): not supported [ROCm0] 
  MUL_MAT(type_a=q4_K,type_b=f16,m=16,n=16,k=1024,bs=[3,2],nr=[1,1],per=[0,1,2,3],k_v=0,o=1): not supported [ROCm0] 
  MUL_MAT(type_a=q4_K,type_b=f16,m=16,n=8,k=256,bs=[1536,1],nr=[1,1],per=[0,1,2,3],k_v=0,o=1): not supported [ROCm0] 
  MUL_MAT(type_a=mxfp4,type_b=f32,m=16,n=1,k=256,bs=[1,1],nr=[1,1],per=[0,1,2,3],k_v=0,o=1): [1;32mOK[0m
  MUL_MAT(type_a=mxfp4,type_b=f32,m=16,n=1,k=256,bs=[1,1],nr=[2,1],per=[0,1,2,3],k_v=0,o=1): [1;32mOK[0m
  MUL_MAT(type_a=mxfp4,type_b=f32,m=16,n=1,k=256,bs=[1,1],nr=[1,2],per=[0,1,2,3],k_v=0,o=1): [1;32mOK[0m
  MUL_MAT(type_a=mxfp4,type_b=f32,m=16,n=1,k=256,bs=[3,1],nr=[1,1],per=[0,1,2,3],k_v=0,o=1): [1;32mOK[0m
  MUL_MAT(type_a=mxfp4,type_b=f32,m=16,n=1,k=256,bs=[3,1],nr=[2,1],per=[0,1,2,3],k_v=0,o=1): [1;32mOK[0m
  MUL_MAT(type_a=mxfp4,type_b=f32,m=16,n=1,k=256,bs=[3,2],nr=[1,1],per=[0,1,2,3],k_v=0,o=1): [1;32mOK[0m
  MUL_MAT(type_a=mxfp4,type_b=f32,m=16,n=1,k=256,bs=[3,2],nr=[2,1],per=[0,1,2,3],k_v=0,o=1): [1;32mOK[0m
  MUL_MAT(type_a=mxfp4,type_b=f32,m=16,n=1,k=256,bs=[3,2],nr=[1,2],per=[0,1,2,3],k_v=0,o=1): [1;32mOK[0m
  MUL_MAT(type_a=mxfp4,type_b=f32,m=16,n=1,k=256,bs=[3,2],nr=[2,2],per=[0,1,2,3],k_v=0,o=1): [1;32mOK[0m
  MUL_MAT(type_a=mxfp4,type_b=f32,m=16,n=4,k=256,bs=[3,2],nr=[2,2],per=[0,1,2,3],k_v=0,o=1): [1;32mOK[0m
  MUL_MAT(type_a=mxfp4,type_b=f32,m=16,n=16,k=256,bs=[1,1],nr=[1,1],per=[0,1,2,3],k_v=0,o=1): [1;32mOK[0m
  MUL_MAT(type_a=mxfp4,type_b=f32,m=16,n=16,k=256,bs=[1,1],nr=[2,1],per=[0,1,2,3],k_v=0,o=1): [1;32mOK[0m
  MUL_MAT(type_a=mxfp4,type_b=f32,m=16,n=16,k=256,bs=[1,1],nr=[1,2],per=[0,1,2,3],k_v=0,o=1): [1;32mOK[0m
  MUL_MAT(type_a=mxfp4,type_b=f32,m=16,n=16,k=256,bs=[3,1],nr=[1,1],per=[0,1,2,3],k_v=0,o=1): [1;32mOK[0m
  MUL_MAT(type_a=mxfp4,type_b=f32,m=16,n=16,k=256,bs=[3,1],nr=[2,1],per=[0,1,2,3],k_v=0,o=1): [1;32mOK[0m
  MUL_MAT(type_a=mxfp4,type_b=f32,m=16,n=16,k=256,bs=[3,2],nr=[1,1],per=[0,1,2,3],k_v=0,o=1): [1;32mOK[0m
  MUL_MAT(type_a=mxfp4,type_b=f32,m=16,n=16,k=256,bs=[3,2],nr=[2,1],per=[0,1,2,3],k_v=0,o=1): [1;32mOK[0m
  MUL_MAT(type_a=mxfp4,type_b=f32,m=16,n=16,k=256,bs=[3,2],nr=[1,2],per=[0,1,2,3],k_v=0,o=1): [1;32mOK[0m
  MUL_MAT(type_a=mxfp4,type_b=f32,m=16,n=16,k=256,bs=[3,2],nr=[2,2],per=[0,1,2,3],k_v=0,o=1): [1;32mOK[0m
  MUL_MAT(type_a=mxfp4,type_b=f32,m=16,n=1,k=256,bs=[2,3],nr=[1,1],per=[0,2,1,3],k_v=0,o=1): [1;32mOK[0m
  MUL_MAT(type_a=mxfp4,type_b=f32,m=16,n=1,k=256,bs=[2,3],nr=[1,1],per=[0,1,3,2],k_v=0,o=1): [1;32mOK[0m
  MUL_MAT(type_a=mxfp4,type_b=f32,m=16,n=1,k=256,bs=[2,3],nr=[1,1],per=[0,3,2,1],k_v=0,o=1): [1;32mOK[0m
  MUL_MAT(type_a=mxfp4,type_b=f32,m=16,n=4,k=256,bs=[2,3],nr=[1,1],per=[0,3,2,1],k_v=0,o=1): [1;32mOK[0m
  MUL_MAT(type_a=mxfp4,type_b=f32,m=16,n=8,k=256,bs=[2,3],nr=[1,1],per=[0,2,1,3],k_v=0,o=1): [1;32mOK[0m
  MUL_MAT(type_a=mxfp4,type_b=f32,m=16,n=8,k=256,bs=[2,3],nr=[1,1],per=[0,1,3,2],k_v=0,o=1): [1;32mOK[0m
  MUL_MAT(type_a=mxfp4,type_b=f32,m=16,n=8,k=256,bs=[2,3],nr=[1,1],per=[0,3,2,1],k_v=0,o=1): [1;32mOK[0m
  MUL_MAT(type_a=mxfp4,type_b=f32,m=16,n=16,k=256,bs=[2,3],nr=[1,1],per=[0,2,1,3],k_v=0,o=1): [1;32mOK[0m
  MUL_MAT(type_a=mxfp4,type_b=f32,m=16,n=16,k=256,bs=[2,3],nr=[1,1],per=[0,1,3,2],k_v=0,o=1): [1;32mOK[0m
  MUL_MAT(type_a=mxfp4,type_b=f32,m=16,n=16,k=256,bs=[2,3],nr=[1,1],per=[0,3,2,1],k_v=0,o=1): [1;32mOK[0m
  MUL_MAT(type_a=mxfp4,type_b=f32,m=16,n=1,k=1024,bs=[3,2],nr=[1,1],per=[0,1,2,3],k_v=0,o=1): [1;32mOK[0m
  MUL_MAT(type_a=mxfp4,type_b=f32,m=16,n=8,k=1024,bs=[3,2],nr=[1,1],per=[0,1,2,3],k_v=0,o=1): [1;32mOK[0m
  MUL_MAT(type_a=mxfp4,type_b=f32,m=16,n=16,k=1024,bs=[3,2],nr=[1,1],per=[0,1,2,3],k_v=0,o=1): [1;32mOK[0m
  MUL_MAT(type_a=mxfp4,type_b=f32,m=16,n=8,k=256,bs=[1536,1],nr=[1,1],per=[0,1,2,3],k_v=0,o=1): [1;32mOK[0m
  MUL_MAT(type_a=mxfp4,type_b=f16,m=16,n=1,k=256,bs=[1,1],nr=[1,1],per=[0,1,2,3],k_v=0,o=1): not supported [ROCm0] 
  MUL_MAT(type_a=mxfp4,type_b=f16,m=16,n=1,k=256,bs=[1,1],nr=[2,1],per=[0,1,2,3],k_v=0,o=1): not supported [ROCm0] 
  MUL_MAT(type_a=mxfp4,type_b=f16,m=16,n=1,k=256,bs=[1,1],nr=[1,2],per=[0,1,2,3],k_v=0,o=1): not supported [ROCm0] 
  MUL_MAT(type_a=mxfp4,type_b=f16,m=16,n=1,k=256,bs=[3,1],nr=[1,1],per=[0,1,2,3],k_v=0,o=1): not supported [ROCm0] 
  MUL_MAT(type_a=mxfp4,type_b=f16,m=16,n=1,k=256,bs=[3,1],nr=[2,1],per=[0,1,2,3],k_v=0,o=1): not supported [ROCm0] 
  MUL_MAT(type_a=mxfp4,type_b=f16,m=16,n=1,k=256,bs=[3,2],nr=[1,1],per=[0,1,2,3],k_v=0,o=1): not supported [ROCm0] 
  MUL_MAT(type_a=mxfp4,type_b=f16,m=16,n=1,k=256,bs=[3,2],nr=[2,1],per=[0,1,2,3],k_v=0,o=1): not supported [ROCm0] 
  MUL_MAT(type_a=mxfp4,type_b=f16,m=16,n=1,k=256,bs=[3,2],nr=[1,2],per=[0,1,2,3],k_v=0,o=1): not supported [ROCm0] 
  MUL_MAT(type_a=mxfp4,type_b=f16,m=16,n=1,k=256,bs=[3,2],nr=[2,2],per=[0,1,2,3],k_v=0,o=1): not supported [ROCm0] 
  MUL_MAT(type_a=mxfp4,type_b=f16,m=16,n=4,k=256,bs=[3,2],nr=[2,2],per=[0,1,2,3],k_v=0,o=1): not supported [ROCm0] 
  MUL_MAT(type_a=mxfp4,type_b=f16,m=16,n=16,k=256,bs=[1,1],nr=[1,1],per=[0,1,2,3],k_v=0,o=1): not supported [ROCm0] 
  MUL_MAT(type_a=mxfp4,type_b=f16,m=16,n=16,k=256,bs=[1,1],nr=[2,1],per=[0,1,2,3],k_v=0,o=1): not supported [ROCm0] 
  MUL_MAT(type_a=mxfp4,type_b=f16,m=16,n=16,k=256,bs=[1,1],nr=[1,2],per=[0,1,2,3],k_v=0,o=1): not supported [ROCm0] 
  MUL_MAT(type_a=mxfp4,type_b=f16,m=16,n=16,k=256,bs=[3,1],nr=[1,1],per=[0,1,2,3],k_v=0,o=1): not supported [ROCm0] 
  MUL_MAT(type_a=mxfp4,type_b=f16,m=16,n=16,k=256,bs=[3,1],nr=[2,1],per=[0,1,2,3],k_v=0,o=1): not supported [ROCm0] 
  MUL_MAT(type_a=mxfp4,type_b=f16,m=16,n=16,k=256,bs=[3,2],nr=[1,1],per=[0,1,2,3],k_v=0,o=1): not supported [ROCm0] 
  MUL_MAT(type_a=mxfp4,type_b=f16,m=16,n=16,k=256,bs=[3,2],nr=[2,1],per=[0,1,2,3],k_v=0,o=1): not supported [ROCm0] 
  MUL_MAT(type_a=mxfp4,type_b=f16,m=16,n=16,k=256,bs=[3,2],nr=[1,2],per=[0,1,2,3],k_v=0,o=1): not supported [ROCm0] 
  MUL_MAT(type_a=mxfp4,type_b=f16,m=16,n=16,k=256,bs=[3,2],nr=[2,2],per=[0,1,2,3],k_v=0,o=1): not supported [ROCm0] 
  MUL_MAT(type_a=mxfp4,type_b=f16,m=16,n=1,k=256,bs=[2,3],nr=[1,1],per=[0,2,1,3],k_v=0,o=1): not supported [ROCm0] 
  MUL_MAT(type_a=mxfp4,type_b=f16,m=16,n=1,k=256,bs=[2,3],nr=[1,1],per=[0,1,3,2],k_v=0,o=1): not supported [ROCm0] 
  MUL_MAT(type_a=mxfp4,type_b=f16,m=16,n=1,k=256,bs=[2,3],nr=[1,1],per=[0,3,2,1],k_v=0,o=1): not supported [ROCm0] 
  MUL_MAT(type_a=mxfp4,type_b=f16,m=16,n=4,k=256,bs=[2,3],nr=[1,1],per=[0,3,2,1],k_v=0,o=1): not supported [ROCm0] 
  MUL_MAT(type_a=mxfp4,type_b=f16,m=16,n=8,k=256,bs=[2,3],nr=[1,1],per=[0,2,1,3],k_v=0,o=1): not supported [ROCm0] 
  MUL_MAT(type_a=mxfp4,type_b=f16,m=16,n=8,k=256,bs=[2,3],nr=[1,1],per=[0,1,3,2],k_v=0,o=1): not supported [ROCm0] 
  MUL_MAT(type_a=mxfp4,type_b=f16,m=16,n=8,k=256,bs=[2,3],nr=[1,1],per=[0,3,2,1],k_v=0,o=1): not supported [ROCm0] 
  MUL_MAT(type_a=mxfp4,type_b=f16,m=16,n=16,k=256,bs=[2,3],nr=[1,1],per=[0,2,1,3],k_v=0,o=1): not supported [ROCm0] 
  MUL_MAT(type_a=mxfp4,type_b=f16,m=16,n=16,k=256,bs=[2,3],nr=[1,1],per=[0,1,3,2],k_v=0,o=1): not supported [ROCm0] 
  MUL_MAT(type_a=mxfp4,type_b=f16,m=16,n=16,k=256,bs=[2,3],nr=[1,1],per=[0,3,2,1],k_v=0,o=1): not supported [ROCm0] 
  MUL_MAT(type_a=mxfp4,type_b=f16,m=16,n=1,k=1024,bs=[3,2],nr=[1,1],per=[0,1,2,3],k_v=0,o=1): not supported [ROCm0] 
  MUL_MAT(type_a=mxfp4,type_b=f16,m=16,n=8,k=1024,bs=[3,2],nr=[1,1],per=[0,1,2,3],k_v=0,o=1): not supported [ROCm0] 
  MUL_MAT(type_a=mxfp4,type_b=f16,m=16,n=16,k=1024,bs=[3,2],nr=[1,1],per=[0,1,2,3],k_v=0,o=1): not supported [ROCm0] 
  MUL_MAT(type_a=mxfp4,type_b=f16,m=16,n=8,k=256,bs=[1536,1],nr=[1,1],per=[0,1,2,3],k_v=0,o=1): not supported [ROCm0] 
  MUL_MAT(type_a=nvfp4,type_b=f32,m=16,n=1,k=256,bs=[1,1],nr=[1,1],per=[0,1,2,3],k_v=0,o=1): [1;32mOK[0m
  MUL_MAT(type_a=nvfp4,type_b=f32,m=16,n=1,k=256,bs=[1,1],nr=[2,1],per=[0,1,2,3],k_v=0,o=1): [1;32mOK[0m
  MUL_MAT(type_a=nvfp4,type_b=f32,m=16,n=1,k=256,bs=[1,1],nr=[1,2],per=[0,1,2,3],k_v=0,o=1): [1;32mOK[0m
  MUL_MAT(type_a=nvfp4,type_b=f32,m=16,n=1,k=256,bs=[3,1],nr=[1,1],per=[0,1,2,3],k_v=0,o=1): [1;32mOK[0m
  MUL_MAT(type_a=nvfp4,type_b=f32,m=16,n=1,k=256,bs=[3,1],nr=[2,1],per=[0,1,2,3],k_v=0,o=1): [1;32mOK[0m
  MUL_MAT(type_a=nvfp4,type_b=f32,m=16,n=1,k=256,bs=[3,2],nr=[1,1],per=[0,1,2,3],k_v=0,o=1): [1;32mOK[0m
  MUL_MAT(type_a=nvfp4,type_b=f32,m=16,n=1,k=256,bs=[3,2],nr=[2,1],per=[0,1,2,3],k_v=0,o=1): [1;32mOK[0m
  MUL_MAT(type_a=nvfp4,type_b=f32,m=16,n=1,k=256,bs=[3,2],nr=[1,2],per=[0,1,2,3],k_v=0,o=1): [1;32mOK[0m
  MUL_MAT(type_a=nvfp4,type_b=f32,m=16,n=1,k=256,bs=[3,2],nr=[2,2],per=[0,1,2,3],k_v=0,o=1): [1;32mOK[0m
  MUL_MAT(type_a=nvfp4,type_b=f32,m=16,n=4,k=256,bs=[3,2],nr=[2,2],per=[0,1,2,3],k_v=0,o=1): [1;32mOK[0m
  MUL_MAT(type_a=nvfp4,type_b=f32,m=16,n=16,k=256,bs=[1,1],nr=[1,1],per=[0,1,2,3],k_v=0,o=1): [1;32mOK[0m
  MUL_MAT(type_a=nvfp4,type_b=f32,m=16,n=16,k=256,bs=[1,1],nr=[2,1],per=[0,1,2,3],k_v=0,o=1): [1;32mOK[0m
  MUL_MAT(type_a=nvfp4,type_b=f32,m=16,n=16,k=256,bs=[1,1],nr=[1,2],per=[0,1,2,3],k_v=0,o=1): [1;32mOK[0m
  MUL_MAT(type_a=nvfp4,type_b=f32,m=16,n=16,k=256,bs=[3,1],nr=[1,1],per=[0,1,2,3],k_v=0,o=1): [1;32mOK[0m
  MUL_MAT(type_a=nvfp4,type_b=f32,m=16,n=16,k=256,bs=[3,1],nr=[2,1],per=[0,1,2,3],k_v=0,o=1): [1;32mOK[0m
  MUL_MAT(type_a=nvfp4,type_b=f32,m=16,n=16,k=256,bs=[3,2],nr=[1,1],per=[0,1,2,3],k_v=0,o=1): [1;32mOK[0m
  MUL_MAT(type_a=nvfp4,type_b=f32,m=16,n=16,k=256,bs=[3,2],nr=[2,1],per=[0,1,2,3],k_v=0,o=1): [1;32mOK[0m
  MUL_MAT(type_a=nvfp4,type_b=f32,m=16,n=16,k=256,bs=[3,2],nr=[1,2],per=[0,1,2,3],k_v=0,o=1): [1;32mOK[0m
  MUL_MAT(type_a=nvfp4,type_b=f32,m=16,n=16,k=256,bs=[3,2],nr=[2,2],per=[0,1,2,3],k_v=0,o=1): [1;32mOK[0m
  MUL_MAT(type_a=nvfp4,type_b=f32,m=16,n=1,k=256,bs=[2,3],nr=[1,1],per=[0,2,1,3],k_v=0,o=1): [1;32mOK[0m
  MUL_MAT(type_a=nvfp4,type_b=f32,m=16,n=1,k=256,bs=[2,3],nr=[1,1],per=[0,1,3,2],k_v=0,o=1): [1;32mOK[0m
  MUL_MAT(type_a=nvfp4,type_b=f32,m=16,n=1,k=256,bs=[2,3],nr=[1,1],per=[0,3,2,1],k_v=0,o=1): [1;32mOK[0m
  MUL_MAT(type_a=nvfp4,type_b=f32,m=16,n=4,k=256,bs=[2,3],nr=[1,1],per=[0,3,2,1],k_v=0,o=1): [1;32mOK[0m
  MUL_MAT(type_a=nvfp4,type_b=f32,m=16,n=8,k=256,bs=[2,3],nr=[1,1],per=[0,2,1,3],k_v=0,o=1): [1;32mOK[0m
  MUL_MAT(type_a=nvfp4,type_b=f32,m=16,n=8,k=256,bs=[2,3],nr=[1,1],per=[0,1,3,2],k_v=0,o=1): [1;32mOK[0m
  MUL_MAT(type_a=nvfp4,type_b=f32,m=16,n=8,k=256,bs=[2,3],nr=[1,1],per=[0,3,2,1],k_v=0,o=1): [1;32mOK[0m
  MUL_MAT(type_a=nvfp4,type_b=f32,m=16,n=16,k=256,bs=[2,3],nr=[1,1],per=[0,2,1,3],k_v=0,o=1): [1;32mOK[0m
  MUL_MAT(type_a=nvfp4,type_b=f32,m=16,n=16,k=256,bs=[2,3],nr=[1,1],per=[0,1,3,2],k_v=0,o=1): [1;32mOK[0m
  MUL_MAT(type_a=nvfp4,type_b=f32,m=16,n=16,k=256,bs=[2,3],nr=[1,1],per=[0,3,2,1],k_v=0,o=1): [1;32mOK[0m
  MUL_MAT(type_a=nvfp4,type_b=f32,m=16,n=1,k=1024,bs=[3,2],nr=[1,1],per=[0,1,2,3],k_v=0,o=1): [1;32mOK[0m
  MUL_MAT(type_a=nvfp4,type_b=f32,m=16,n=8,k=1024,bs=[3,2],nr=[1,1],per=[0,1,2,3],k_v=0,o=1): [1;32mOK[0m
  MUL_MAT(type_a=nvfp4,type_b=f32,m=16,n=16,k=1024,bs=[3,2],nr=[1,1],per=[0,1,2,3],k_v=0,o=1): [1;32mOK[0m
  MUL_MAT(type_a=nvfp4,type_b=f32,m=16,n=8,k=256,bs=[1536,1],nr=[1,1],per=[0,1,2,3],k_v=0,o=1): [1;32mOK[0m
  MUL_MAT(type_a=nvfp4,type_b=f16,m=16,n=1,k=256,bs=[1,1],nr=[1,1],per=[0,1,2,3],k_v=0,o=1): not supported [ROCm0] 
  MUL_MAT(type_a=nvfp4,type_b=f16,m=16,n=1,k=256,bs=[1,1],nr=[2,1],per=[0,1,2,3],k_v=0,o=1): not supported [ROCm0] 
  MUL_MAT(type_a=nvfp4,type_b=f16,m=16,n=1,k=256,bs=[1,1],nr=[1,2],per=[0,1,2,3],k_v=0,o=1): not supported [ROCm0] 
  MUL_MAT(type_a=nvfp4,type_b=f16,m=16,n=1,k=256,bs=[3,1],nr=[1,1],per=[0,1,2,3],k_v=0,o=1): not supported [ROCm0] 
  MUL_MAT(type_a=nvfp4,type_b=f16,m=16,n=1,k=256,bs=[3,1],nr=[2,1],per=[0,1,2,3],k_v=0,o=1): not supported [ROCm0] 
  MUL_MAT(type_a=nvfp4,type_b=f16,m=16,n=1,k=256,bs=[3,2],nr=[1,1],per=[0,1,2,3],k_v=0,o=1): not supported [ROCm0] 
  MUL_MAT(type_a=nvfp4,type_b=f16,m=16,n=1,k=256,bs=[3,2],nr=[2,1],per=[0,1,2,3],k_v=0,o=1): not supported [ROCm0] 
  MUL_MAT(type_a=nvfp4,type_b=f16,m=16,n=1,k=256,bs=[3,2],nr=[1,2],per=[0,1,2,3],k_v=0,o=1): not supported [ROCm0] 
  MUL_MAT(type_a=nvfp4,type_b=f16,m=16,n=1,k=256,bs=[3,2],nr=[2,2],per=[0,1,2,3],k_v=0,o=1): not supported [ROCm0] 
  MUL_MAT(type_a=nvfp4,type_b=f16,m=16,n=4,k=256,bs=[3,2],nr=[2,2],per=[0,1,2,3],k_v=0,o=1): not supported [ROCm0] 
  MUL_MAT(type_a=nvfp4,type_b=f16,m=16,n=16,k=256,bs=[1,1],nr=[1,1],per=[0,1,2,3],k_v=0,o=1): not supported [ROCm0] 
  MUL_MAT(type_a=nvfp4,type_b=f16,m=16,n=16,k=256,bs=[1,1],nr=[2,1],per=[0,1,2,3],k_v=0,o=1): not supported [ROCm0] 
  MUL_MAT(type_a=nvfp4,type_b=f16,m=16,n=16,k=256,bs=[1,1],nr=[1,2],per=[0,1,2,3],k_v=0,o=1): not supported [ROCm0] 
  MUL_MAT(type_a=nvfp4,type_b=f16,m=16,n=16,k=256,bs=[3,1],nr=[1,1],per=[0,1,2,3],k_v=0,o=1): not supported [ROCm0] 
  MUL_MAT(type_a=nvfp4,type_b=f16,m=16,n=16,k=256,bs=[3,1],nr=[2,1],per=[0,1,2,3],k_v=0,o=1): not supported [ROCm0] 
  MUL_MAT(type_a=nvfp4,type_b=f16,m=16,n=16,k=256,bs=[3,2],nr=[1,1],per=[0,1,2,3],k_v=0,o=1): not supported [ROCm0] 
  MUL_MAT(type_a=nvfp4,type_b=f16,m=16,n=16,k=256,bs=[3,2],nr=[2,1],per=[0,1,2,3],k_v=0,o=1): not supported [ROCm0] 
  MUL_MAT(type_a=nvfp4,type_b=f16,m=16,n=16,k=256,bs=[3,2],nr=[1,2],per=[0,1,2,3],k_v=0,o=1): not supported [ROCm0] 
  MUL_MAT(type_a=nvfp4,type_b=f16,m=16,n=16,k=256,bs=[3,2],nr=[2,2],per=[0,1,2,3],k_v=0,o=1): not supported [ROCm0] 
  MUL_MAT(type_a=nvfp4,type_b=f16,m=16,n=1,k=256,bs=[2,3],nr=[1,1],per=[0,2,1,3],k_v=0,o=1): not supported [ROCm0] 
  MUL_MAT(type_a=nvfp4,type_b=f16,m=16,n=1,k=256,bs=[2,3],nr=[1,1],per=[0,1,3,2],k_v=0,o=1): not supported [ROCm0] 
  MUL_MAT(type_a=nvfp4,type_b=f16,m=16,n=1,k=256,bs=[2,3],nr=[1,1],per=[0,3,2,1],k_v=0,o=1): not supported [ROCm0] 
  MUL_MAT(type_a=nvfp4,type_b=f16,m=16,n=4,k=256,bs=[2,3],nr=[1,1],per=[0,3,2,1],k_v=0,o=1): not supported [ROCm0] 
  MUL_MAT(type_a=nvfp4,type_b=f16,m=16,n=8,k=256,bs=[2,3],nr=[1,1],per=[0,2,1,3],k_v=0,o=1): not supported [ROCm0] 
  MUL_MAT(type_a=nvfp4,type_b=f16,m=16,n=8,k=256,bs=[2,3],nr=[1,1],per=[0,1,3,2],k_v=0,o=1): not supported [ROCm0] 
  MUL_MAT(type_a=nvfp4,type_b=f16,m=16,n=8,k=256,bs=[2,3],nr=[1,1],per=[0,3,2,1],k_v=0,o=1): not supported [ROCm0] 
  MUL_MAT(type_a=nvfp4,type_b=f16,m=16,n=16,k=256,bs=[2,3],nr=[1,1],per=[0,2,1,3],k_v=0,o=1): not supported [ROCm0] 
  MUL_MAT(type_a=nvfp4,type_b=f16,m=16,n=16,k=256,bs=[2,3],nr=[1,1],per=[0,1,3,2],k_v=0,o=1): not supported [ROCm0] 
  MUL_MAT(type_a=nvfp4,type_b=f16,m=16,n=16,k=256,bs=[2,3],nr=[1,1],per=[0,3,2,1],k_v=0,o=1): not supported [ROCm0] 
  MUL_MAT(type_a=nvfp4,type_b=f16,m=16,n=1,k=1024,bs=[3,2],nr=[1,1],per=[0,1,2,3],k_v=0,o=1): not supported [ROCm0] 
  MUL_MAT(type_a=nvfp4,type_b=f16,m=16,n=8,k=1024,bs=[3,2],nr=[1,1],per=[0,1,2,3],k_v=0,o=1): not supported [ROCm0] 
  MUL_MAT(type_a=nvfp4,type_b=f16,m=16,n=16,k=1024,bs=[3,2],nr=[1,1],per=[0,1,2,3],k_v=0,o=1): not supported [ROCm0] 
  MUL_MAT(type_a=nvfp4,type_b=f16,m=16,n=8,k=256,bs=[1536,1],nr=[1,1],per=[0,1,2,3],k_v=0,o=1): not supported [ROCm0] 
  MUL_MAT(type_a=iq2_xxs,type_b=f32,m=16,n=1,k=256,bs=[1,1],nr=[1,1],per=[0,1,2,3],k_v=0,o=1): [1;32mOK[0m
  MUL_MAT(type_a=iq2_xxs,type_b=f32,m=16,n=1,k=256,bs=[1,1],nr=[2,1],per=[0,1,2,3],k_v=0,o=1): [1;32mOK[0m
  MUL_MAT(type_a=iq2_xxs,type_b=f32,m=16,n=1,k=256,bs=[1,1],nr=[1,2],per=[0,1,2,3],k_v=0,o=1): [1;32mOK[0m
  MUL_MAT(type_a=iq2_xxs,type_b=f32,m=16,n=1,k=256,bs=[3,1],nr=[1,1],per=[0,1,2,3],k_v=0,o=1): [1;32mOK[0m
  MUL_MAT(type_a=iq2_xxs,type_b=f32,m=16,n=1,k=256,bs=[3,1],nr=[2,1],per=[0,1,2,3],k_v=0,o=1): [1;32mOK[0m
  MUL_MAT(type_a=iq2_xxs,type_b=f32,m=16,n=1,k=256,bs=[3,2],nr=[1,1],per=[0,1,2,3],k_v=0,o=1): [1;32mOK[0m
  MUL_MAT(type_a=iq2_xxs,type_b=f32,m=16,n=1,k=256,bs=[3,2],nr=[2,1],per=[0,1,2,3],k_v=0,o=1): [1;32mOK[0m
  MUL_MAT(type_a=iq2_xxs,type_b=f32,m=16,n=1,k=256,bs=[3,2],nr=[1,2],per=[0,1,2,3],k_v=0,o=1): [1;32mOK[0m
  MUL_MAT(type_a=iq2_xxs,type_b=f32,m=16,n=1,k=256,bs=[3,2],nr=[2,2],per=[0,1,2,3],k_v=0,o=1): [1;32mOK[0m
  MUL_MAT(type_a=iq2_xxs,type_b=f32,m=16,n=4,k=256,bs=[3,2],nr=[2,2],per=[0,1,2,3],k_v=0,o=1): [1;32mOK[0m
  MUL_MAT(type_a=iq2_xxs,type_b=f32,m=16,n=16,k=256,bs=[1,1],nr=[1,1],per=[0,1,2,3],k_v=0,o=1): [1;32mOK[0m
  MUL_MAT(type_a=iq2_xxs,type_b=f32,m=16,n=16,k=256,bs=[1,1],nr=[2,1],per=[0,1,2,3],k_v=0,o=1): [1;32mOK[0m
  MUL_MAT(type_a=iq2_xxs,type_b=f32,m=16,n=16,k=256,bs=[1,1],nr=[1,2],per=[0,1,2,3],k_v=0,o=1): [1;32mOK[0m
  MUL_MAT(type_a=iq2_xxs,type_b=f32,m=16,n=16,k=256,bs=[3,1],nr=[1,1],per=[0,1,2,3],k_v=0,o=1): [1;32mOK[0m
  MUL_MAT(type_a=iq2_xxs,type_b=f32,m=16,n=16,k=256,bs=[3,1],nr=[2,1],per=[0,1,2,3],k_v=0,o=1): [1;32mOK[0m
  MUL_MAT(type_a=iq2_xxs,type_b=f32,m=16,n=16,k=256,bs=[3,2],nr=[1,1],per=[0,1,2,3],k_v=0,o=1): [1;32mOK[0m
  MUL_MAT(type_a=iq2_xxs,type_b=f32,m=16,n=16,k=256,bs=[3,2],nr=[2,1],per=[0,1,2,3],k_v=0,o=1): [1;32mOK[0m
  MUL_MAT(type_a=iq2_xxs,type_b=f32,m=16,n=16,k=256,bs=[3,2],nr=[1,2],per=[0,1,2,3],k_v=0,o=1): [1;32mOK[0m
  MUL_MAT(type_a=iq2_xxs,type_b=f32,m=16,n=16,k=256,bs=[3,2],nr=[2,2],per=[0,1,2,3],k_v=0,o=1): [1;32mOK[0m
  MUL_MAT(type_a=iq2_xxs,type_b=f32,m=16,n=1,k=256,bs=[2,3],nr=[1,1],per=[0,2,1,3],k_v=0,o=1): [1;32mOK[0m
  MUL_MAT(type_a=iq2_xxs,type_b=f32,m=16,n=1,k=256,bs=[2,3],nr=[1,1],per=[0,1,3,2],k_v=0,o=1): [1;32mOK[0m
  MUL_MAT(type_a=iq2_xxs,type_b=f32,m=16,n=1,k=256,bs=[2,3],nr=[1,1],per=[0,3,2,1],k_v=0,o=1): [1;32mOK[0m
  MUL_MAT(type_a=iq2_xxs,type_b=f32,m=16,n=4,k=256,bs=[2,3],nr=[1,1],per=[0,3,2,1],k_v=0,o=1): [1;32mOK[0m
  MUL_MAT(type_a=iq2_xxs,type_b=f32,m=16,n=8,k=256,bs=[2,3],nr=[1,1],per=[0,2,1,3],k_v=0,o=1): [1;32mOK[0m
  MUL_MAT(type_a=iq2_xxs,type_b=f32,m=16,n=8,k=256,bs=[2,3],nr=[1,1],per=[0,1,3,2],k_v=0,o=1): [1;32mOK[0m
  MUL_MAT(type_a=iq2_xxs,type_b=f32,m=16,n=8,k=256,bs=[2,3],nr=[1,1],per=[0,3,2,1],k_v=0,o=1): [1;32mOK[0m
  MUL_MAT(type_a=iq2_xxs,type_b=f32,m=16,n=16,k=256,bs=[2,3],nr=[1,1],per=[0,2,1,3],k_v=0,o=1): [1;32mOK[0m
  MUL_MAT(type_a=iq2_xxs,type_b=f32,m=16,n=16,k=256,bs=[2,3],nr=[1,1],per=[0,1,3,2],k_v=0,o=1): [1;32mOK[0m
  MUL_MAT(type_a=iq2_xxs,type_b=f32,m=16,n=16,k=256,bs=[2,3],nr=[1,1],per=[0,3,2,1],k_v=0,o=1): [1;32mOK[0m
  MUL_MAT(type_a=iq2_xxs,type_b=f32,m=16,n=1,k=1024,bs=[3,2],nr=[1,1],per=[0,1,2,3],k_v=0,o=1): [1;32mOK[0m
  MUL_MAT(type_a=iq2_xxs,type_b=f32,m=16,n=8,k=1024,bs=[3,2],nr=[1,1],per=[0,1,2,3],k_v=0,o=1): [1;32mOK[0m
  MUL_MAT(type_a=iq2_xxs,type_b=f32,m=16,n=16,k=1024,bs=[3,2],nr=[1,1],per=[0,1,2,3],k_v=0,o=1): [1;32mOK[0m
  MUL_MAT(type_a=iq2_xxs,type_b=f32,m=16,n=8,k=256,bs=[1536,1],nr=[1,1],per=[0,1,2,3],k_v=0,o=1): [1;32mOK[0m
  MUL_MAT(type_a=iq2_xxs,type_b=f16,m=16,n=1,k=256,bs=[1,1],nr=[1,1],per=[0,1,2,3],k_v=0,o=1): not supported [ROCm0] 
  MUL_MAT(type_a=iq2_xxs,type_b=f16,m=16,n=1,k=256,bs=[1,1],nr=[2,1],per=[0,1,2,3],k_v=0,o=1): not supported [ROCm0] 
  MUL_MAT(type_a=iq2_xxs,type_b=f16,m=16,n=1,k=256,bs=[1,1],nr=[1,2],per=[0,1,2,3],k_v=0,o=1): not supported [ROCm0] 
  MUL_MAT(type_a=iq2_xxs,type_b=f16,m=16,n=1,k=256,bs=[3,1],nr=[1,1],per=[0,1,2,3],k_v=0,o=1): not supported [ROCm0] 
  MUL_MAT(type_a=iq2_xxs,type_b=f16,m=16,n=1,k=256,bs=[3,1],nr=[2,1],per=[0,1,2,3],k_v=0,o=1): not supported [ROCm0] 
  MUL_MAT(type_a=iq2_xxs,type_b=f16,m=16,n=1,k=256,bs=[3,2],nr=[1,1],per=[0,1,2,3],k_v=0,o=1): not supported [ROCm0] 
  MUL_MAT(type_a=iq2_xxs,type_b=f16,m=16,n=1,k=256,bs=[3,2],nr=[2,1],per=[0,1,2,3],k_v=0,o=1): not supported [ROCm0] 
  MUL_MAT(type_a=iq2_xxs,type_b=f16,m=16,n=1,k=256,bs=[3,2],nr=[1,2],per=[0,1,2,3],k_v=0,o=1): not supported [ROCm0] 
  MUL_MAT(type_a=iq2_xxs,type_b=f16,m=16,n=1,k=256,bs=[3,2],nr=[2,2],per=[0,1,2,3],k_v=0,o=1): not supported [ROCm0] 
  MUL_MAT(type_a=iq2_xxs,type_b=f16,m=16,n=4,k=256,bs=[3,2],nr=[2,2],per=[0,1,2,3],k_v=0,o=1): not supported [ROCm0] 
  MUL_MAT(type_a=iq2_xxs,type_b=f16,m=16,n=16,k=256,bs=[1,1],nr=[1,1],per=[0,1,2,3],k_v=0,o=1): not supported [ROCm0] 
  MUL_MAT(type_a=iq2_xxs,type_b=f16,m=16,n=16,k=256,bs=[1,1],nr=[2,1],per=[0,1,2,3],k_v=0,o=1): not supported [ROCm0] 
  MUL_MAT(type_a=iq2_xxs,type_b=f16,m=16,n=16,k=256,bs=[1,1],nr=[1,2],per=[0,1,2,3],k_v=0,o=1): not supported [ROCm0] 
  MUL_MAT(type_a=iq2_xxs,type_b=f16,m=16,n=16,k=256,bs=[3,1],nr=[1,1],per=[0,1,2,3],k_v=0,o=1): not supported [ROCm0] 
  MUL_MAT(type_a=iq2_xxs,type_b=f16,m=16,n=16,k=256,bs=[3,1],nr=[2,1],per=[0,1,2,3],k_v=0,o=1): not supported [ROCm0] 
  MUL_MAT(type_a=iq2_xxs,type_b=f16,m=16,n=16,k=256,bs=[3,2],nr=[1,1],per=[0,1,2,3],k_v=0,o=1): not supported [ROCm0] 
  MUL_MAT(type_a=iq2_xxs,type_b=f16,m=16,n=16,k=256,bs=[3,2],nr=[2,1],per=[0,1,2,3],k_v=0,o=1): not supported [ROCm0] 
  MUL_MAT(type_a=iq2_xxs,type_b=f16,m=16,n=16,k=256,bs=[3,2],nr=[1,2],per=[0,1,2,3],k_v=0,o=1): not supported [ROCm0] 
  MUL_MAT(type_a=iq2_xxs,type_b=f16,m=16,n=16,k=256,bs=[3,2],nr=[2,2],per=[0,1,2,3],k_v=0,o=1): not supported [ROCm0] 
  MUL_MAT(type_a=iq2_xxs,type_b=f16,m=16,n=1,k=256,bs=[2,3],nr=[1,1],per=[0,2,1,3],k_v=0,o=1): not supported [ROCm0] 
  MUL_MAT(type_a=iq2_xxs,type_b=f16,m=16,n=1,k=256,bs=[2,3],nr=[1,1],per=[0,1,3,2],k_v=0,o=1): not supported [ROCm0] 
  MUL_MAT(type_a=iq2_xxs,type_b=f16,m=16,n=1,k=256,bs=[2,3],nr=[1,1],per=[0,3,2,1],k_v=0,o=1): not supported [ROCm0] 
  MUL_MAT(type_a=iq2_xxs,type_b=f16,m=16,n=4,k=256,bs=[2,3],nr=[1,1],per=[0,3,2,1],k_v=0,o=1): not supported [ROCm0] 
  MUL_MAT(type_a=iq2_xxs,type_b=f16,m=16,n=8,k=256,bs=[2,3],nr=[1,1],per=[0,2,1,3],k_v=0,o=1): not supported [ROCm0] 
  MUL_MAT(type_a=iq2_xxs,type_b=f16,m=16,n=8,k=256,bs=[2,3],nr=[1,1],per=[0,1,3,2],k_v=0,o=1): not supported [ROCm0] 
  MUL_MAT(type_a=iq2_xxs,type_b=f16,m=16,n=8,k=256,bs=[2,3],nr=[1,1],per=[0,3,2,1],k_v=0,o=1): not supported [ROCm0] 
  MUL_MAT(type_a=iq2_xxs,type_b=f16,m=16,n=16,k=256,bs=[2,3],nr=[1,1],per=[0,2,1,3],k_v=0,o=1): not supported [ROCm0] 
  MUL_MAT(type_a=iq2_xxs,type_b=f16,m=16,n=16,k=256,bs=[2,3],nr=[1,1],per=[0,1,3,2],k_v=0,o=1): not supported [ROCm0] 
  MUL_MAT(type_a=iq2_xxs,type_b=f16,m=16,n=16,k=256,bs=[2,3],nr=[1,1],per=[0,3,2,1],k_v=0,o=1): not supported [ROCm0] 
  MUL_MAT(type_a=iq2_xxs,type_b=f16,m=16,n=1,k=1024,bs=[3,2],nr=[1,1],per=[0,1,2,3],k_v=0,o=1): not supported [ROCm0] 
  MUL_MAT(type_a=iq2_xxs,type_b=f16,m=16,n=8,k=1024,bs=[3,2],nr=[1,1],per=[0,1,2,3],k_v=0,o=1): not supported [ROCm0] 
  MUL_MAT(type_a=iq2_xxs,type_b=f16,m=16,n=16,k=1024,bs=[3,2],nr=[1,1],per=[0,1,2,3],k_v=0,o=1): not supported [ROCm0] 
  MUL_MAT(type_a=iq2_xxs,type_b=f16,m=16,n=8,k=256,bs=[1536,1],nr=[1,1],per=[0,1,2,3],k_v=0,o=1): not supported [ROCm0] 
  MUL_MAT(type_a=bf16,type_b=f32,m=16,n=1,k=256,bs=[2,3],nr=[1,1],per=[0,2,1,3],k_v=0,o=1): [1;32mOK[0m
  MUL_MAT(type_a=bf16,type_b=f32,m=16,n=1,k=256,bs=[2,3],nr=[1,1],per=[0,1,3,2],k_v=0,o=1): [1;32mOK[0m
  MUL_MAT(type_a=bf16,type_b=f32,m=16,n=1,k=256,bs=[2,3],nr=[1,1],per=[0,3,2,1],k_v=0,o=1): [1;32mOK[0m
  MUL_MAT(type_a=bf16,type_b=f32,m=16,n=8,k=256,bs=[2,3],nr=[1,1],per=[0,2,1,3],k_v=0,o=1): [1;32mOK[0m
  MUL_MAT(type_a=bf16,type_b=f32,m=16,n=8,k=256,bs=[2,3],nr=[1,1],per=[0,1,3,2],k_v=0,o=1): ggml_backend_cuda_graph_compute: CUDA graph warmup complete
ggml_backend_cuda_graph_compute: CUDA graph warmup complete
ggml_backend_cuda_graph_compute: CUDA graph warmup complete
ggml_backend_cuda_graph_compute: CUDA graph warmup complete
[1;32mOK[0m
  MUL_MAT(type_a=bf16,type_b=f32,m=16,n=8,k=256,bs=[2,3],nr=[1,1],per=[0,3,2,1],k_v=0,o=1): [1;32mOK[0m
  MUL_MAT(type_a=bf16,type_b=f32,m=16,n=16,k=256,bs=[2,3],nr=[1,1],per=[0,2,1,3],k_v=0,o=1): ggml_backend_cuda_graph_compute: CUDA graph warmup complete
ggml_backend_cuda_graph_compute: CUDA graph warmup complete
ggml_backend_cuda_graph_compute: CUDA graph warmup complete
ggml_backend_cuda_graph_compute: CUDA graph warmup complete
[1;32mOK[0m
  MUL_MAT(type_a=bf16,type_b=f32,m=16,n=16,k=256,bs=[2,3],nr=[1,1],per=[0,1,3,2],k_v=0,o=1): [1;32mOK[0m
  MUL_MAT(type_a=bf16,type_b=f32,m=16,n=16,k=256,bs=[2,3],nr=[1,1],per=[0,3,2,1],k_v=0,o=1): ggml_backend_cuda_graph_compute: CUDA graph warmup reset
ggml_backend_cuda_graph_compute: CUDA graph warmup reset
ggml_backend_cuda_graph_compute: CUDA graph warmup reset
[1;32mOK[0m
  MUL_MAT(type_a=q4_1,type_b=f32,m=16,n=1,k=32,bs=[1,1],nr=[1,1],per=[0,1,2,3],k_v=0,o=1): [1;32mOK[0m
  MUL_MAT(type_a=q4_1,type_b=f32,m=16,n=1,k=256,bs=[1,1],nr=[1,1],per=[0,1,2,3],k_v=0,o=1): [1;32mOK[0m
  MUL_MAT(type_a=q5_0,type_b=f32,m=16,n=1,k=32,bs=[1,1],nr=[1,1],per=[0,1,2,3],k_v=0,o=1): [1;32mOK[0m
  MUL_MAT(type_a=q5_0,type_b=f32,m=16,n=1,k=256,bs=[1,1],nr=[1,1],per=[0,1,2,3],k_v=0,o=1): [1;32mOK[0m
  MUL_MAT(type_a=q5_1,type_b=f32,m=16,n=1,k=32,bs=[1,1],nr=[1,1],per=[0,1,2,3],k_v=0,o=1): [1;32mOK[0m
  MUL_MAT(type_a=q5_1,type_b=f32,m=16,n=1,k=256,bs=[1,1],nr=[1,1],per=[0,1,2,3],k_v=0,o=1): [1;32mOK[0m
  MUL_MAT(type_a=q8_0,type_b=f32,m=16,n=1,k=32,bs=[1,1],nr=[1,1],per=[0,1,2,3],k_v=0,o=1): [1;32mOK[0m
  MUL_MAT(type_a=q8_0,type_b=f32,m=16,n=1,k=256,bs=[1,1],nr=[1,1],per=[0,1,2,3],k_v=0,o=1): [1;32mOK[0m
  MUL_MAT(type_a=q1_0,type_b=f32,m=16,n=1,k=128,bs=[1,1],nr=[1,1],per=[0,1,2,3],k_v=0,o=1): [1;32mOK[0m
  MUL_MAT(type_a=q1_0,type_b=f32,m=16,n=1,k=256,bs=[1,1],nr=[1,1],per=[0,1,2,3],k_v=0,o=1): [1;32mOK[0m
  MUL_MAT(type_a=q2_K,type_b=f32,m=16,n=1,k=256,bs=[1,1],nr=[1,1],per=[0,1,2,3],k_v=0,o=1): [1;32mOK[0m
  MUL_MAT(type_a=q3_K,type_b=f32,m=16,n=1,k=256,bs=[1,1],nr=[1,1],per=[0,1,2,3],k_v=0,o=1): [1;32mOK[0m
  MUL_MAT(type_a=q5_K,type_b=f32,m=16,n=1,k=256,bs=[1,1],nr=[1,1],per=[0,1,2,3],k_v=0,o=1): [1;32mOK[0m
  MUL_MAT(type_a=q6_K,type_b=f32,m=16,n=1,k=256,bs=[1,1],nr=[1,1],per=[0,1,2,3],k_v=0,o=1): [1;32mOK[0m
  MUL_MAT(type_a=iq2_xs,type_b=f32,m=16,n=1,k=256,bs=[1,1],nr=[1,1],per=[0,1,2,3],k_v=0,o=1): [1;32mOK[0m
  MUL_MAT(type_a=iq2_s,type_b=f32,m=16,n=1,k=256,bs=[1,1],nr=[1,1],per=[0,1,2,3],k_v=0,o=1): [1;32mOK[0m
  MUL_MAT(type_a=iq3_xxs,type_b=f32,m=16,n=1,k=256,bs=[1,1],nr=[1,1],per=[0,1,2,3],k_v=0,o=1): [1;32mOK[0m
  MUL_MAT(type_a=iq1_s,type_b=f32,m=16,n=1,k=256,bs=[1,1],nr=[1,1],per=[0,1,2,3],k_v=0,o=1): [1;32mOK[0m
  MUL_MAT(type_a=iq1_m,type_b=f32,m=16,n=1,k=256,bs=[1,1],nr=[1,1],per=[0,1,2,3],k_v=0,o=1): [1;32mOK[0m
  MUL_MAT(type_a=iq4_nl,type_b=f32,m=16,n=1,k=32,bs=[1,1],nr=[1,1],per=[0,1,2,3],k_v=0,o=1): [1;32mOK[0m
  MUL_MAT(type_a=iq4_nl,type_b=f32,m=16,n=1,k=256,bs=[1,1],nr=[1,1],per=[0,1,2,3],k_v=0,o=1): [1;32mOK[0m
  MUL_MAT(type_a=iq3_s,type_b=f32,m=16,n=1,k=256,bs=[1,1],nr=[1,1],per=[0,1,2,3],k_v=0,o=1): [1;32mOK[0m
  MUL_MAT(type_a=iq4_xs,type_b=f32,m=16,n=1,k=256,bs=[1,1],nr=[1,1],per=[0,1,2,3],k_v=0,o=1): [1;32mOK[0m
  MUL_MAT(type_a=bf16,type_b=f32,m=16,n=1,k=1,bs=[1,1],nr=[1,1],per=[0,1,2,3],k_v=0,o=1): ggml_backend_cuda_graph_compute: CUDA graph warmup complete
[1;32mOK[0m
  MUL_MAT(type_a=bf16,type_b=f32,m=16,n=1,k=256,bs=[1,1],nr=[1,1],per=[0,1,2,3],k_v=0,o=1): ggml_backend_cuda_graph_compute: CUDA graph warmup reset
[1;32mOK[0m
  MUL_MAT(type_a=f16,type_b=f32,m=64,n=2,k=128,bs=[8,1],nr=[1,1],per=[0,1,2,3],k_v=0,o=1): [1;32mOK[0m
  MUL_MAT(type_a=f16,type_b=f32,m=83,n=2,k=128,bs=[8,1],nr=[4,1],per=[0,1,2,3],k_v=0,o=1): [1;32mOK[0m
  MUL_MAT(type_a=f16,type_b=f32,m=64,n=2,k=64,bs=[8,1],nr=[4,1],per=[0,1,2,3],k_v=0,o=1): [1;32mOK[0m
  MUL_MAT(type_a=f16,type_b=f32,m=83,n=2,k=64,bs=[8,1],nr=[4,1],per=[0,1,2,3],k_v=0,o=1): [1;32mOK[0m
  MUL_MAT(type_a=f16,type_b=f32,m=64,n=45,k=128,bs=[8,1],nr=[4,1],per=[0,1,2,3],k_v=0,o=1): [1;32mOK[0m
  MUL_MAT(type_a=f16,type_b=f32,m=128,n=45,k=64,bs=[8,1],nr=[4,1],per=[0,1,2,3],k_v=0,o=1): [1;32mOK[0m
  MUL_MAT(type_a=f16,type_b=f32,m=1056,n=1,k=193,bs=[1,1],nr=[4,1],per=[0,2,1,3],k_v=0,o=1): [1;32mOK[0m
  MUL_MAT(type_a=f16,type_b=f32,m=1056,n=1,k=67,bs=[1,1],nr=[4,1],per=[0,2,1,3],k_v=0,o=1): [1;32mOK[0m
  MUL_MAT(type_a=f32,type_b=f32,m=16,n=32,k=32,bs=[1,1],nr=[1,1],per=[0,1,2,3],k_v=64,o=3): [1;32mOK[0m
  MUL_MAT(type_a=f32,type_b=f32,m=64,n=77,k=77,bs=[12,1],nr=[1,1],per=[0,1,2,3],k_v=0,o=1): [1;32mOK[0m
  MUL_MAT(type_a=q4_0,type_b=f32,m=576,n=512,k=576,bs=[1,1],nr=[1,1],per=[0,1,2,3],k_v=0,o=1): [1;32mOK[0m
  MUL_MAT(type_a=q4_0,type_b=f32,m=1,n=2048,k=8192,bs=[1,1],nr=[1,1],per=[0,1,2,3],k_v=0,o=1): [1;32mOK[0m
  MUL_MAT(type_a=f32,type_b=f32,m=1,n=64,k=256,bs=[1,1],nr=[1,1],per=[0,1,2,3],k_v=0,o=1): ggml_backend_cuda_graph_compute: CUDA graph warmup complete
[1;32mOK[0m
  MUL_MAT(type_a=f16,type_b=f32,m=1,n=64,k=256,bs=[1,1],nr=[1,1],per=[0,1,2,3],k_v=0,o=1): ggml_backend_cuda_graph_compute: CUDA graph warmup complete
ggml_backend_cuda_graph_compute: CUDA graph warmup complete
ggml_backend_cuda_graph_compute: CUDA graph warmup complete
ggml_backend_cuda_graph_compute: CUDA graph warmup complete
ggml_backend_cuda_graph_compute: CUDA graph warmup complete
[1;32mOK[0m
  MUL_MAT(type_a=bf16,type_b=f32,m=1,n=64,k=256,bs=[1,1],nr=[1,1],per=[0,1,2,3],k_v=0,o=1): ggml_backend_cuda_graph_compute: CUDA graph warmup reset
ggml_backend_cuda_graph_compute: CUDA graph warmup reset
ggml_backend_cuda_graph_compute: CUDA graph warmup reset
ggml_backend_cuda_graph_compute: CUDA graph warmup reset
[1;32mOK[0m
  MUL_MAT(type_a=q4_0,type_b=f32,m=1,n=64,k=256,bs=[1,1],nr=[1,1],per=[0,1,2,3],k_v=0,o=1): ggml_backend_cuda_graph_compute: CUDA graph warmup reset
[1;32mOK[0m
  MUL_MAT(type_a=q4_1,type_b=f32,m=1,n=64,k=256,bs=[1,1],nr=[1,1],per=[0,1,2,3],k_v=0,o=1): [1;32mOK[0m
  MUL_MAT(type_a=q5_0,type_b=f32,m=1,n=64,k=256,bs=[1,1],nr=[1,1],per=[0,1,2,3],k_v=0,o=1): [1;32mOK[0m
  MUL_MAT(type_a=q5_1,type_b=f32,m=1,n=64,k=256,bs=[1,1],nr=[1,1],per=[0,1,2,3],k_v=0,o=1): ggml_backend_cuda_graph_compute: CUDA graph warmup complete
[1;32mOK[0m
  MUL_MAT(type_a=q8_0,type_b=f32,m=1,n=64,k=256,bs=[1,1],nr=[1,1],per=[0,1,2,3],k_v=0,o=1): [1;32mOK[0m
  MUL_MAT(type_a=q1_0,type_b=f32,m=1,n=64,k=256,bs=[1,1],nr=[1,1],per=[0,1,2,3],k_v=0,o=1): [1;32mOK[0m
  MUL_MAT(type_a=mxfp4,type_b=f32,m=1,n=64,k=256,bs=[1,1],nr=[1,1],per=[0,1,2,3],k_v=0,o=1): ggml_backend_cuda_graph_compute: CUDA graph warmup complete
ggml_backend_cuda_graph_compute: CUDA graph warmup complete
ggml_backend_cuda_graph_compute: CUDA graph warmup complete
[1;32mOK[0m
  MUL_MAT(type_a=nvfp4,type_b=f32,m=1,n=64,k=256,bs=[1,1],nr=[1,1],per=[0,1,2,3],k_v=0,o=1): ggml_backend_cuda_graph_compute: CUDA graph warmup reset
ggml_backend_cuda_graph_compute: CUDA graph warmup reset
ggml_backend_cuda_graph_compute: CUDA graph warmup reset
[1;32mOK[0m
  MUL_MAT(type_a=q2_K,type_b=f32,m=1,n=64,k=256,bs=[1,1],nr=[1,1],per=[0,1,2,3],k_v=0,o=1): ggml_backend_cuda_graph_compute: CUDA graph warmup complete
ggml_backend_cuda_graph_compute: CUDA graph warmup complete
ggml_backend_cuda_graph_compute: CUDA graph warmup complete
[1;32mOK[0m
  MUL_MAT(type_a=q3_K,type_b=f32,m=1,n=64,k=256,bs=[1,1],nr=[1,1],per=[0,1,2,3],k_v=0,o=1): ggml_backend_cuda_graph_compute: CUDA graph warmup reset
ggml_backend_cuda_graph_compute: CUDA graph warmup reset
ggml_backend_cuda_graph_compute: CUDA graph warmup reset
[1;32mOK[0m
  MUL_MAT(type_a=q4_K,type_b=f32,m=1,n=64,k=256,bs=[1,1],nr=[1,1],per=[0,1,2,3],k_v=0,o=1): ggml_backend_cuda_graph_compute: CUDA graph warmup complete
ggml_backend_cuda_graph_compute: CUDA graph warmup complete
ggml_backend_cuda_graph_compute: CUDA graph warmup complete
[1;32mOK[0m
  MUL_MAT(type_a=q5_K,type_b=f32,m=1,n=64,k=256,bs=[1,1],nr=[1,1],per=[0,1,2,3],k_v=0,o=1): ggml_backend_cuda_graph_compute: CUDA graph warmup reset
ggml_backend_cuda_graph_compute: CUDA graph warmup reset
ggml_backend_cuda_graph_compute: CUDA graph warmup reset
[1;32mOK[0m
  MUL_MAT(type_a=q6_K,type_b=f32,m=1,n=64,k=256,bs=[1,1],nr=[1,1],per=[0,1,2,3],k_v=0,o=1): [1;32mOK[0m
  MUL_MAT(type_a=iq2_xxs,type_b=f32,m=1,n=64,k=256,bs=[1,1],nr=[1,1],per=[0,1,2,3],k_v=0,o=1): ggml_backend_cuda_graph_compute: CUDA graph warmup complete
ggml_backend_cuda_graph_compute: CUDA graph warmup complete
ggml_backend_cuda_graph_compute: CUDA graph warmup complete
[1;32mOK[0m
  MUL_MAT(type_a=iq2_xs,type_b=f32,m=1,n=64,k=256,bs=[1,1],nr=[1,1],per=[0,1,2,3],k_v=0,o=1): [1;32mOK[0m
  MUL_MAT(type_a=iq2_s,type_b=f32,m=1,n=64,k=256,bs=[1,1],nr=[1,1],per=[0,1,2,3],k_v=0,o=1): [1;32mOK[0m
  MUL_MAT(type_a=iq3_xxs,type_b=f32,m=1,n=64,k=256,bs=[1,1],nr=[1,1],per=[0,1,2,3],k_v=0,o=1): ggml_backend_cuda_graph_compute: CUDA graph warmup reset
ggml_backend_cuda_graph_compute: CUDA graph warmup reset
ggml_backend_cuda_graph_compute: CUDA graph warmup reset
[1;32mOK[0m
  MUL_MAT(type_a=iq1_s,type_b=f32,m=1,n=64,k=256,bs=[1,1],nr=[1,1],per=[0,1,2,3],k_v=0,o=1): ggml_backend_cuda_graph_compute: CUDA graph warmup complete
ggml_backend_cuda_graph_compute: CUDA graph warmup complete
ggml_backend_cuda_graph_compute: CUDA graph warmup complete
[1;32mOK[0m
  MUL_MAT(type_a=iq1_m,type_b=f32,m=1,n=64,k=256,bs=[1,1],nr=[1,1],per=[0,1,2,3],k_v=0,o=1): ggml_backend_cuda_graph_compute: CUDA graph warmup reset
ggml_backend_cuda_graph_compute: CUDA graph warmup reset
ggml_backend_cuda_graph_compute: CUDA graph warmup reset
[1;32mOK[0m
  MUL_MAT(type_a=iq4_nl,type_b=f32,m=1,n=64,k=256,bs=[1,1],nr=[1,1],per=[0,1,2,3],k_v=0,o=1): [1;32mOK[0m
  MUL_MAT(type_a=iq3_s,type_b=f32,m=1,n=64,k=256,bs=[1,1],nr=[1,1],per=[0,1,2,3],k_v=0,o=1): [1;32mOK[0m
  MUL_MAT(type_a=iq4_xs,type_b=f32,m=1,n=64,k=256,bs=[1,1],nr=[1,1],per=[0,1,2,3],k_v=0,o=1): ggml_backend_cuda_graph_compute: CUDA graph warmup reset
[1;32mOK[0m
  MUL_MAT(type_a=q8_0,type_b=f32,m=6,n=4096,k=5120,bs=[1,1],nr=[1,1],per=[0,1,2,3],k_v=0,o=1): ggml_backend_cuda_graph_compute: CUDA graph warmup reset
[1;32mOK[0m
  MUL_MAT(type_a=f16,type_b=f32,m=1056,n=1,k=128,bs=[1,1],nr=[1,1],per=[0,2,1,3],k_v=0,o=1): [1;32mOK[0m
  MUL_MAT(type_a=f16,type_b=f32,m=128,n=1,k=1056,bs=[1,1],nr=[1,1],per=[0,1,2,3],k_v=2112,o=1): [1;32mOK[0m
  MUL_MAT(type_a=bf16,type_b=f32,m=1056,n=1,k=128,bs=[1,1],nr=[1,1],per=[0,2,1,3],k_v=0,o=1): [1;32mOK[0m
  MUL_MAT(type_a=bf16,type_b=f32,m=128,n=1,k=1056,bs=[1,1],nr=[1,1],per=[0,1,2,3],k_v=2112,o=1): [1;32mOK[0m
  MUL_MAT(type_a=f32,type_b=f32,m=1056,n=1,k=128,bs=[1,1],nr=[1,1],per=[0,2,1,3],k_v=0,o=1): [1;32mOK[0m
  MUL_MAT(type_a=f32,type_b=f32,m=128,n=1,k=1056,bs=[1,1],nr=[1,1],per=[0,1,2,3],k_v=2112,o=1): [1;32mOK[0m
  MUL_MAT(type_a=f16,type_b=f32,m=1056,n=1,k=129,bs=[1,1],nr=[1,1],per=[0,2,1,3],k_v=0,o=1): ggml_backend_cuda_graph_compute: CUDA graph warmup complete
[1;32mOK[0m
  MUL_MAT(type_a=f16,type_b=f32,m=128,n=1,k=1057,bs=[1,1],nr=[1,1],per=[0,1,2,3],k_v=2113,o=1): [1;32mOK[0m
  MUL_MAT(type_a=bf16,type_b=f32,m=1056,n=1,k=129,bs=[1,1],nr=[1,1],per=[0,2,1,3],k_v=0,o=1): [1;32mOK[0m
  MUL_MAT(type_a=bf16,type_b=f32,m=128,n=1,k=1057,bs=[1,1],nr=[1,1],per=[0,1,2,3],k_v=2113,o=1): [1;32mOK[0m
  MUL_MAT(type_a=f32,type_b=f32,m=1056,n=1,k=129,bs=[1,1],nr=[1,1],per=[0,2,1,3],k_v=0,o=1): [1;32mOK[0m
  MUL_MAT(type_a=f32,type_b=f32,m=128,n=1,k=1057,bs=[1,1],nr=[1,1],per=[0,1,2,3],k_v=2113,o=1): [1;32mOK[0m
  MUL_MAT(type_a=f16,type_b=f32,m=1057,n=1,k=128,bs=[1,1],nr=[1,1],per=[0,2,1,3],k_v=0,o=1): ggml_backend_cuda_graph_compute: CUDA graph warmup reset
[1;32mOK[0m
  MUL_MAT(type_a=f16,type_b=f32,m=129,n=1,k=1056,bs=[1,1],nr=[1,1],per=[0,1,2,3],k_v=2112,o=1): [1;32mOK[0m
  MUL_MAT(type_a=bf16,type_b=f32,m=1057,n=1,k=128,bs=[1,1],nr=[1,1],per=[0,2,1,3],k_v=0,o=1): [1;32mOK[0m
  MUL_MAT(type_a=bf16,type_b=f32,m=129,n=1,k=1056,bs=[1,1],nr=[1,1],per=[0,1,2,3],k_v=2112,o=1): [1;32mOK[0m
  MUL_MAT(type_a=f32,type_b=f32,m=1057,n=1,k=128,bs=[1,1],nr=[1,1],per=[0,2,1,3],k_v=0,o=1): [1;32mOK[0m
  MUL_MAT(type_a=f32,type_b=f32,m=129,n=1,k=1056,bs=[1,1],nr=[1,1],per=[0,1,2,3],k_v=2112,o=1): [1;32mOK[0m
  MUL_MAT(type_a=f16,type_b=f32,m=1057,n=1,k=129,bs=[1,1],nr=[1,1],per=[0,2,1,3],k_v=0,o=1): ggml_backend_cuda_graph_compute: CUDA graph warmup complete
[1;32mOK[0m
  MUL_MAT(type_a=f16,type_b=f32,m=129,n=1,k=1057,bs=[1,1],nr=[1,1],per=[0,1,2,3],k_v=2113,o=1): [1;32mOK[0m
  MUL_MAT(type_a=bf16,type_b=f32,m=1057,n=1,k=129,bs=[1,1],nr=[1,1],per=[0,2,1,3],k_v=0,o=1): [1;32mOK[0m
  MUL_MAT(type_a=bf16,type_b=f32,m=129,n=1,k=1057,bs=[1,1],nr=[1,1],per=[0,1,2,3],k_v=2113,o=1): [1;32mOK[0m
  MUL_MAT(type_a=f32,type_b=f32,m=1057,n=1,k=129,bs=[1,1],nr=[1,1],per=[0,2,1,3],k_v=0,o=1): ggml_backend_cuda_graph_compute: CUDA graph warmup reset
[1;32mOK[0m
  MUL_MAT(type_a=f32,type_b=f32,m=129,n=1,k=1057,bs=[1,1],nr=[1,1],per=[0,1,2,3],k_v=2113,o=1): [1;32mOK[0m
  MUL_MAT(type_a=f16,type_b=f32,m=1056,n=1,k=128,bs=[1,1],nr=[4,1],per=[0,2,1,3],k_v=0,o=1): [1;32mOK[0m
  MUL_MAT(type_a=f16,type_b=f32,m=128,n=1,k=1056,bs=[1,1],nr=[4,1],per=[0,1,2,3],k_v=2112,o=1): [1;32mOK[0m
  MUL_MAT(type_a=bf16,type_b=f32,m=1056,n=1,k=128,bs=[1,1],nr=[4,1],per=[0,2,1,3],k_v=0,o=1): [1;32mOK[0m
  MUL_MAT(type_a=bf16,type_b=f32,m=128,n=1,k=1056,bs=[1,1],nr=[4,1],per=[0,1,2,3],k_v=2112,o=1): [1;32mOK[0m
  MUL_MAT(type_a=f32,type_b=f32,m=1056,n=1,k=128,bs=[1,1],nr=[4,1],per=[0,2,1,3],k_v=0,o=1): [1;32mOK[0m
  MUL_MAT(type_a=f32,type_b=f32,m=128,n=1,k=1056,bs=[1,1],nr=[4,1],per=[0,1,2,3],k_v=2112,o=1): [1;32mOK[0m
  MUL_MAT(type_a=f16,type_b=f32,m=1056,n=1,k=129,bs=[1,1],nr=[4,1],per=[0,2,1,3],k_v=0,o=1): ggml_backend_cuda_graph_compute: CUDA graph warmup complete
[1;32mOK[0m
  MUL_MAT(type_a=f16,type_b=f32,m=128,n=1,k=1057,bs=[1,1],nr=[4,1],per=[0,1,2,3],k_v=2113,o=1): [1;32mOK[0m
  MUL_MAT(type_a=bf16,type_b=f32,m=1056,n=1,k=129,bs=[1,1],nr=[4,1],per=[0,2,1,3],k_v=0,o=1): [1;32mOK[0m
  MUL_MAT(type_a=bf16,type_b=f32,m=128,n=1,k=1057,bs=[1,1],nr=[4,1],per=[0,1,2,3],k_v=2113,o=1): [1;32mOK[0m
  MUL_MAT(type_a=f32,type_b=f32,m=1056,n=1,k=129,bs=[1,1],nr=[4,1],per=[0,2,1,3],k_v=0,o=1): ggml_backend_cuda_graph_compute: CUDA graph warmup reset
[1;32mOK[0m
  MUL_MAT(type_a=f32,type_b=f32,m=128,n=1,k=1057,bs=[1,1],nr=[4,1],per=[0,1,2,3],k_v=2113,o=1): [1;32mOK[0m
  MUL_MAT(type_a=f16,type_b=f32,m=1057,n=1,k=128,bs=[1,1],nr=[4,1],per=[0,2,1,3],k_v=0,o=1): [1;32mOK[0m
  MUL_MAT(type_a=f16,type_b=f32,m=129,n=1,k=1056,bs=[1,1],nr=[4,1],per=[0,1,2,3],k_v=2112,o=1): [1;32mOK[0m
  MUL_MAT(type_a=bf16,type_b=f32,m=1057,n=1,k=128,bs=[1,1],nr=[4,1],per=[0,2,1,3],k_v=0,o=1): [1;32mOK[0m
  MUL_MAT(type_a=bf16,type_b=f32,m=129,n=1,k=1056,bs=[1,1],nr=[4,1],per=[0,1,2,3],k_v=2112,o=1): [1;32mOK[0m
  MUL_MAT(type_a=f32,type_b=f32,m=1057,n=1,k=128,bs=[1,1],nr=[4,1],per=[0,2,1,3],k_v=0,o=1): [1;32mOK[0m
  MUL_MAT(type_a=f32,type_b=f32,m=129,n=1,k=1056,bs=[1,1],nr=[4,1],per=[0,1,2,3],k_v=2112,o=1): [1;32mOK[0m
  MUL_MAT(type_a=f16,type_b=f32,m=1057,n=1,k=129,bs=[1,1],nr=[4,1],per=[0,2,1,3],k_v=0,o=1): ggml_backend_cuda_graph_compute: CUDA graph warmup complete
[1;32mOK[0m
  MUL_MAT(type_a=f16,type_b=f32,m=129,n=1,k=1057,bs=[1,1],nr=[4,1],per=[0,1,2,3],k_v=2113,o=1): [1;32mOK[0m
  MUL_MAT(type_a=bf16,type_b=f32,m=1057,n=1,k=129,bs=[1,1],nr=[4,1],per=[0,2,1,3],k_v=0,o=1): [1;32mOK[0m
  MUL_MAT(type_a=bf16,type_b=f32,m=129,n=1,k=1057,bs=[1,1],nr=[4,1],per=[0,1,2,3],k_v=2113,o=1): [1;32mOK[0m
  MUL_MAT(type_a=f32,type_b=f32,m=1057,n=1,k=129,bs=[1,1],nr=[4,1],per=[0,2,1,3],k_v=0,o=1): ggml_backend_cuda_graph_compute: CUDA graph warmup reset
[1;32mOK[0m
  MUL_MAT(type_a=f32,type_b=f32,m=129,n=1,k=1057,bs=[1,1],nr=[4,1],per=[0,1,2,3],k_v=2113,o=1): [1;32mOK[0m
  MUL_MAT(type_a=f16,type_b=f32,m=1056,n=1,k=128,bs=[2,1],nr=[1,1],per=[0,2,1,3],k_v=0,o=1): [1;32mOK[0m
  MUL_MAT(type_a=f16,type_b=f32,m=128,n=1,k=1056,bs=[2,1],nr=[1,1],per=[0,1,2,3],k_v=2112,o=1): [1;32mOK[0m
  MUL_MAT(type_a=bf16,type_b=f32,m=1056,n=1,k=128,bs=[2,1],nr=[1,1],per=[0,2,1,3],k_v=0,o=1): [1;32mOK[0m
  MUL_MAT(type_a=bf16,type_b=f32,m=128,n=1,k=1056,bs=[2,1],nr=[1,1],per=[0,1,2,3],k_v=2112,o=1): [1;32mOK[0m
  MUL_MAT(type_a=f32,type_b=f32,m=1056,n=1,k=128,bs=[2,1],nr=[1,1],per=[0,2,1,3],k_v=0,o=1): [1;32mOK[0m
  MUL_MAT(type_a=f32,type_b=f32,m=128,n=1,k=1056,bs=[2,1],nr=[1,1],per=[0,1,2,3],k_v=2112,o=1): [1;32mOK[0m
  MUL_MAT(type_a=f16,type_b=f32,m=1056,n=1,k=129,bs=[2,1],nr=[1,1],per=[0,2,1,3],k_v=0,o=1): [1;32mOK[0m
  MUL_MAT(type_a=f16,type_b=f32,m=128,n=1,k=1057,bs=[2,1],nr=[1,1],per=[0,1,2,3],k_v=2113,o=1): [1;32mOK[0m
  MUL_MAT(type_a=bf16,type_b=f32,m=1056,n=1,k=129,bs=[2,1],nr=[1,1],per=[0,2,1,3],k_v=0,o=1): [1;32mOK[0m
  MUL_MAT(type_a=bf16,type_b=f32,m=128,n=1,k=1057,bs=[2,1],nr=[1,1],per=[0,1,2,3],k_v=2113,o=1): ggml_backend_cuda_graph_compute: CUDA graph warmup complete
[1;32mOK[0m
  MUL_MAT(type_a=f32,type_b=f32,m=1056,n=1,k=129,bs=[2,1],nr=[1,1],per=[0,2,1,3],k_v=0,o=1): ggml_backend_cuda_graph_compute: CUDA graph warmup reset
[1;32mOK[0m
  MUL_MAT(type_a=f32,type_b=f32,m=128,n=1,k=1057,bs=[2,1],nr=[1,1],per=[0,1,2,3],k_v=2113,o=1): [1;32mOK[0m
  MUL_MAT(type_a=f16,type_b=f32,m=1057,n=1,k=128,bs=[2,1],nr=[1,1],per=[0,2,1,3],k_v=0,o=1): [1;32mOK[0m
  MUL_MAT(type_a=f16,type_b=f32,m=129,n=1,k=1056,bs=[2,1],nr=[1,1],per=[0,1,2,3],k_v=2112,o=1): [1;32mOK[0m
  MUL_MAT(type_a=bf16,type_b=f32,m=1057,n=1,k=128,bs=[2,1],nr=[1,1],per=[0,2,1,3],k_v=0,o=1): [1;32mOK[0m
  MUL_MAT(type_a=bf16,type_b=f32,m=129,n=1,k=1056,bs=[2,1],nr=[1,1],per=[0,1,2,3],k_v=2112,o=1): [1;32mOK[0m
  MUL_MAT(type_a=f32,type_b=f32,m=1057,n=1,k=128,bs=[2,1],nr=[1,1],per=[0,2,1,3],k_v=0,o=1): [1;32mOK[0m
  MUL_MAT(type_a=f32,type_b=f32,m=129,n=1,k=1056,bs=[2,1],nr=[1,1],per=[0,1,2,3],k_v=2112,o=1): [1;32mOK[0m
  MUL_MAT(type_a=f16,type_b=f32,m=1057,n=1,k=129,bs=[2,1],nr=[1,1],per=[0,2,1,3],k_v=0,o=1): [1;32mOK[0m
  MUL_MAT(type_a=f16,type_b=f32,m=129,n=1,k=1057,bs=[2,1],nr=[1,1],per=[0,1,2,3],k_v=2113,o=1): [1;32mOK[0m
  MUL_MAT(type_a=bf16,type_b=f32,m=1057,n=1,k=129,bs=[2,1],nr=[1,1],per=[0,2,1,3],k_v=0,o=1): [1;32mOK[0m
  MUL_MAT(type_a=bf16,type_b=f32,m=129,n=1,k=1057,bs=[2,1],nr=[1,1],per=[0,1,2,3],k_v=2113,o=1): ggml_backend_cuda_graph_compute: CUDA graph warmup complete
[1;32mOK[0m
  MUL_MAT(type_a=f32,type_b=f32,m=1057,n=1,k=129,bs=[2,1],nr=[1,1],per=[0,2,1,3],k_v=0,o=1): ggml_backend_cuda_graph_compute: CUDA graph warmup reset
[1;32mOK[0m
  MUL_MAT(type_a=f32,type_b=f32,m=129,n=1,k=1057,bs=[2,1],nr=[1,1],per=[0,1,2,3],k_v=2113,o=1): [1;32mOK[0m
  MUL_MAT(type_a=f16,type_b=f32,m=1056,n=1,k=128,bs=[2,1],nr=[4,1],per=[0,2,1,3],k_v=0,o=1): [1;32mOK[0m
  MUL_MAT(type_a=f16,type_b=f32,m=128,n=1,k=1056,bs=[2,1],nr=[4,1],per=[0,1,2,3],k_v=2112,o=1): [1;32mOK[0m
  MUL_MAT(type_a=bf16,type_b=f32,m=1056,n=1,k=128,bs=[2,1],nr=[4,1],per=[0,2,1,3],k_v=0,o=1): [1;32mOK[0m
  MUL_MAT(type_a=bf16,type_b=f32,m=128,n=1,k=1056,bs=[2,1],nr=[4,1],per=[0,1,2,3],k_v=2112,o=1): [1;32mOK[0m
  MUL_MAT(type_a=f32,type_b=f32,m=1056,n=1,k=128,bs=[2,1],nr=[4,1],per=[0,2,1,3],k_v=0,o=1): [1;32mOK[0m
  MUL_MAT(type_a=f32,type_b=f32,m=128,n=1,k=1056,bs=[2,1],nr=[4,1],per=[0,1,2,3],k_v=2112,o=1): [1;32mOK[0m
  MUL_MAT(type_a=f16,type_b=f32,m=1056,n=1,k=129,bs=[2,1],nr=[4,1],per=[0,2,1,3],k_v=0,o=1): [1;32mOK[0m
  MUL_MAT(type_a=f16,type_b=f32,m=128,n=1,k=1057,bs=[2,1],nr=[4,1],per=[0,1,2,3],k_v=2113,o=1): [1;32mOK[0m
  MUL_MAT(type_a=bf16,type_b=f32,m=1056,n=1,k=129,bs=[2,1],nr=[4,1],per=[0,2,1,3],k_v=0,o=1): [1;32mOK[0m
  MUL_MAT(type_a=bf16,type_b=f32,m=128,n=1,k=1057,bs=[2,1],nr=[4,1],per=[0,1,2,3],k_v=2113,o=1): ggml_backend_cuda_graph_compute: CUDA graph warmup complete
[1;32mOK[0m
  MUL_MAT(type_a=f32,type_b=f32,m=1056,n=1,k=129,bs=[2,1],nr=[4,1],per=[0,2,1,3],k_v=0,o=1): ggml_backend_cuda_graph_compute: CUDA graph warmup reset
[1;32mOK[0m
  MUL_MAT(type_a=f32,type_b=f32,m=128,n=1,k=1057,bs=[2,1],nr=[4,1],per=[0,1,2,3],k_v=2113,o=1): [1;32mOK[0m
  MUL_MAT(type_a=f16,type_b=f32,m=1057,n=1,k=128,bs=[2,1],nr=[4,1],per=[0,2,1,3],k_v=0,o=1): [1;32mOK[0m
  MUL_MAT(type_a=f16,type_b=f32,m=129,n=1,k=1056,bs=[2,1],nr=[4,1],per=[0,1,2,3],k_v=2112,o=1): [1;32mOK[0m
  MUL_MAT(type_a=bf16,type_b=f32,m=1057,n=1,k=128,bs=[2,1],nr=[4,1],per=[0,2,1,3],k_v=0,o=1): [1;32mOK[0m
  MUL_MAT(type_a=bf16,type_b=f32,m=129,n=1,k=1056,bs=[2,1],nr=[4,1],per=[0,1,2,3],k_v=2112,o=1): [1;32mOK[0m
  MUL_MAT(type_a=f32,type_b=f32,m=1057,n=1,k=128,bs=[2,1],nr=[4,1],per=[0,2,1,3],k_v=0,o=1): [1;32mOK[0m
  MUL_MAT(type_a=f32,type_b=f32,m=129,n=1,k=1056,bs=[2,1],nr=[4,1],per=[0,1,2,3],k_v=2112,o=1): [1;32mOK[0m
  MUL_MAT(type_a=f16,type_b=f32,m=1057,n=1,k=129,bs=[2,1],nr=[4,1],per=[0,2,1,3],k_v=0,o=1): [1;32mOK[0m
  MUL_MAT(type_a=f16,type_b=f32,m=129,n=1,k=1057,bs=[2,1],nr=[4,1],per=[0,1,2,3],k_v=2113,o=1): [1;32mOK[0m
  MUL_MAT(type_a=bf16,type_b=f32,m=1057,n=1,k=129,bs=[2,1],nr=[4,1],per=[0,2,1,3],k_v=0,o=1): [1;32mOK[0m
  MUL_MAT(type_a=bf16,type_b=f32,m=129,n=1,k=1057,bs=[2,1],nr=[4,1],per=[0,1,2,3],k_v=2113,o=1): ggml_backend_cuda_graph_compute: CUDA graph warmup complete
[1;32mOK[0m
  MUL_MAT(type_a=f32,type_b=f32,m=1057,n=1,k=129,bs=[2,1],nr=[4,1],per=[0,2,1,3],k_v=0,o=1): ggml_backend_cuda_graph_compute: CUDA graph warmup reset
[1;32mOK[0m
  MUL_MAT(type_a=f32,type_b=f32,m=129,n=1,k=1057,bs=[2,1],nr=[4,1],per=[0,1,2,3],k_v=2113,o=1): [1;32mOK[0m
  MUL_MAT(type_a=f16,type_b=f32,m=1056,n=1,k=128,bs=[4,1],nr=[1,1],per=[0,2,1,3],k_v=0,o=1): [1;32mOK[0m
  MUL_MAT(type_a=f16,type_b=f32,m=128,n=1,k=1056,bs=[4,1],nr=[1,1],per=[0,1,2,3],k_v=2112,o=1): [1;32mOK[0m
  MUL_MAT(type_a=bf16,type_b=f32,m=1056,n=1,k=128,bs=[4,1],nr=[1,1],per=[0,2,1,3],k_v=0,o=1): [1;32mOK[0m
  MUL_MAT(type_a=bf16,type_b=f32,m=128,n=1,k=1056,bs=[4,1],nr=[1,1],per=[0,1,2,3],k_v=2112,o=1): [1;32mOK[0m
  MUL_MAT(type_a=f32,type_b=f32,m=1056,n=1,k=128,bs=[4,1],nr=[1,1],per=[0,2,1,3],k_v=0,o=1): [1;32mOK[0m
  MUL_MAT(type_a=f32,type_b=f32,m=128,n=1,k=1056,bs=[4,1],nr=[1,1],per=[0,1,2,3],k_v=2112,o=1): [1;32mOK[0m
  MUL_MAT(type_a=f16,type_b=f32,m=1056,n=1,k=129,bs=[4,1],nr=[1,1],per=[0,2,1,3],k_v=0,o=1): [1;32mOK[0m
  MUL_MAT(type_a=f16,type_b=f32,m=128,n=1,k=1057,bs=[4,1],nr=[1,1],per=[0,1,2,3],k_v=2113,o=1): [1;32mOK[0m
  MUL_MAT(type_a=bf16,type_b=f32,m=1056,n=1,k=129,bs=[4,1],nr=[1,1],per=[0,2,1,3],k_v=0,o=1): [1;32mOK[0m
  MUL_MAT(type_a=bf16,type_b=f32,m=128,n=1,k=1057,bs=[4,1],nr=[1,1],per=[0,1,2,3],k_v=2113,o=1): ggml_backend_cuda_graph_compute: CUDA graph warmup complete
[1;32mOK[0m
  MUL_MAT(type_a=f32,type_b=f32,m=1056,n=1,k=129,bs=[4,1],nr=[1,1],per=[0,2,1,3],k_v=0,o=1): ggml_backend_cuda_graph_compute: CUDA graph warmup reset
[1;32mOK[0m
  MUL_MAT(type_a=f32,type_b=f32,m=128,n=1,k=1057,bs=[4,1],nr=[1,1],per=[0,1,2,3],k_v=2113,o=1): [1;32mOK[0m
  MUL_MAT(type_a=f16,type_b=f32,m=1057,n=1,k=128,bs=[4,1],nr=[1,1],per=[0,2,1,3],k_v=0,o=1): [1;32mOK[0m
  MUL_MAT(type_a=f16,type_b=f32,m=129,n=1,k=1056,bs=[4,1],nr=[1,1],per=[0,1,2,3],k_v=2112,o=1): [1;32mOK[0m
  MUL_MAT(type_a=bf16,type_b=f32,m=1057,n=1,k=128,bs=[4,1],nr=[1,1],per=[0,2,1,3],k_v=0,o=1): [1;32mOK[0m
  MUL_MAT(type_a=bf16,type_b=f32,m=129,n=1,k=1056,bs=[4,1],nr=[1,1],per=[0,1,2,3],k_v=2112,o=1): [1;32mOK[0m
  MUL_MAT(type_a=f32,type_b=f32,m=1057,n=1,k=128,bs=[4,1],nr=[1,1],per=[0,2,1,3],k_v=0,o=1): [1;32mOK[0m
  MUL_MAT(type_a=f32,type_b=f32,m=129,n=1,k=1056,bs=[4,1],nr=[1,1],per=[0,1,2,3],k_v=2112,o=1): [1;32mOK[0m
  MUL_MAT(type_a=f16,type_b=f32,m=1057,n=1,k=129,bs=[4,1],nr=[1,1],per=[0,2,1,3],k_v=0,o=1): [1;32mOK[0m
  MUL_MAT(type_a=f16,type_b=f32,m=129,n=1,k=1057,bs=[4,1],nr=[1,1],per=[0,1,2,3],k_v=2113,o=1): [1;32mOK[0m
  MUL_MAT(type_a=bf16,type_b=f32,m=1057,n=1,k=129,bs=[4,1],nr=[1,1],per=[0,2,1,3],k_v=0,o=1): [1;32mOK[0m
  MUL_MAT(type_a=bf16,type_b=f32,m=129,n=1,k=1057,bs=[4,1],nr=[1,1],per=[0,1,2,3],k_v=2113,o=1): ggml_backend_cuda_graph_compute: CUDA graph warmup complete
[1;32mOK[0m
  MUL_MAT(type_a=f32,type_b=f32,m=1057,n=1,k=129,bs=[4,1],nr=[1,1],per=[0,2,1,3],k_v=0,o=1): ggml_backend_cuda_graph_compute: CUDA graph warmup reset
[1;32mOK[0m
  MUL_MAT(type_a=f32,type_b=f32,m=129,n=1,k=1057,bs=[4,1],nr=[1,1],per=[0,1,2,3],k_v=2113,o=1): [1;32mOK[0m
  MUL_MAT(type_a=f16,type_b=f32,m=1056,n=1,k=128,bs=[4,1],nr=[4,1],per=[0,2,1,3],k_v=0,o=1): [1;32mOK[0m
  MUL_MAT(type_a=f16,type_b=f32,m=128,n=1,k=1056,bs=[4,1],nr=[4,1],per=[0,1,2,3],k_v=2112,o=1): [1;32mOK[0m
  MUL_MAT(type_a=bf16,type_b=f32,m=1056,n=1,k=128,bs=[4,1],nr=[4,1],per=[0,2,1,3],k_v=0,o=1): [1;32mOK[0m
  MUL_MAT(type_a=bf16,type_b=f32,m=128,n=1,k=1056,bs=[4,1],nr=[4,1],per=[0,1,2,3],k_v=2112,o=1): [1;32mOK[0m
  MUL_MAT(type_a=f32,type_b=f32,m=1056,n=1,k=128,bs=[4,1],nr=[4,1],per=[0,2,1,3],k_v=0,o=1): [1;32mOK[0m
  MUL_MAT(type_a=f32,type_b=f32,m=128,n=1,k=1056,bs=[4,1],nr=[4,1],per=[0,1,2,3],k_v=2112,o=1): [1;32mOK[0m
  MUL_MAT(type_a=f16,type_b=f32,m=1056,n=1,k=129,bs=[4,1],nr=[4,1],per=[0,2,1,3],k_v=0,o=1): [1;32mOK[0m
  MUL_MAT(type_a=f16,type_b=f32,m=128,n=1,k=1057,bs=[4,1],nr=[4,1],per=[0,1,2,3],k_v=2113,o=1): [1;32mOK[0m
  MUL_MAT(type_a=bf16,type_b=f32,m=1056,n=1,k=129,bs=[4,1],nr=[4,1],per=[0,2,1,3],k_v=0,o=1): [1;32mOK[0m
  MUL_MAT(type_a=bf16,type_b=f32,m=128,n=1,k=1057,bs=[4,1],nr=[4,1],per=[0,1,2,3],k_v=2113,o=1): ggml_backend_cuda_graph_compute: CUDA graph warmup complete
[1;32mOK[0m
  MUL_MAT(type_a=f32,type_b=f32,m=1056,n=1,k=129,bs=[4,1],nr=[4,1],per=[0,2,1,3],k_v=0,o=1): ggml_backend_cuda_graph_compute: CUDA graph warmup reset
[1;32mOK[0m
  MUL_MAT(type_a=f32,type_b=f32,m=128,n=1,k=1057,bs=[4,1],nr=[4,1],per=[0,1,2,3],k_v=2113,o=1): [1;32mOK[0m
  MUL_MAT(type_a=f16,type_b=f32,m=1057,n=1,k=128,bs=[4,1],nr=[4,1],per=[0,2,1,3],k_v=0,o=1): [1;32mOK[0m
  MUL_MAT(type_a=f16,type_b=f32,m=129,n=1,k=1056,bs=[4,1],nr=[4,1],per=[0,1,2,3],k_v=2112,o=1): [1;32mOK[0m
  MUL_MAT(type_a=bf16,type_b=f32,m=1057,n=1,k=128,bs=[4,1],nr=[4,1],per=[0,2,1,3],k_v=0,o=1): [1;32mOK[0m
  MUL_MAT(type_a=bf16,type_b=f32,m=129,n=1,k=1056,bs=[4,1],nr=[4,1],per=[0,1,2,3],k_v=2112,o=1): [1;32mOK[0m
  MUL_MAT(type_a=f32,type_b=f32,m=1057,n=1,k=128,bs=[4,1],nr=[4,1],per=[0,2,1,3],k_v=0,o=1): [1;32mOK[0m
  MUL_MAT(type_a=f32,type_b=f32,m=129,n=1,k=1056,bs=[4,1],nr=[4,1],per=[0,1,2,3],k_v=2112,o=1): [1;32mOK[0m
  MUL_MAT(type_a=f16,type_b=f32,m=1057,n=1,k=129,bs=[4,1],nr=[4,1],per=[0,2,1,3],k_v=0,o=1): [1;32mOK[0m
  MUL_MAT(type_a=f16,type_b=f32,m=129,n=1,k=1057,bs=[4,1],nr=[4,1],per=[0,1,2,3],k_v=2113,o=1): [1;32mOK[0m
  MUL_MAT(type_a=bf16,type_b=f32,m=1057,n=1,k=129,bs=[4,1],nr=[4,1],per=[0,2,1,3],k_v=0,o=1): [1;32mOK[0m
  MUL_MAT(type_a=bf16,type_b=f32,m=129,n=1,k=1057,bs=[4,1],nr=[4,1],per=[0,1,2,3],k_v=2113,o=1): ggml_backend_cuda_graph_compute: CUDA graph warmup complete
[1;32mOK[0m
  MUL_MAT(type_a=f32,type_b=f32,m=1057,n=1,k=129,bs=[4,1],nr=[4,1],per=[0,2,1,3],k_v=0,o=1): ggml_backend_cuda_graph_compute: CUDA graph warmup reset
[1;32mOK[0m
  MUL_MAT(type_a=f32,type_b=f32,m=129,n=1,k=1057,bs=[4,1],nr=[4,1],per=[0,1,2,3],k_v=2113,o=1): [1;32mOK[0m
  MUL_MAT(type_a=f16,type_b=f32,m=1056,n=1,k=128,bs=[8,1],nr=[1,1],per=[0,2,1,3],k_v=0,o=1): [1;32mOK[0m
  MUL_MAT(type_a=f16,type_b=f32,m=128,n=1,k=1056,bs=[8,1],nr=[1,1],per=[0,1,2,3],k_v=2112,o=1): [1;32mOK[0m
  MUL_MAT(type_a=bf16,type_b=f32,m=1056,n=1,k=128,bs=[8,1],nr=[1,1],per=[0,2,1,3],k_v=0,o=1): [1;32mOK[0m
  MUL_MAT(type_a=bf16,type_b=f32,m=128,n=1,k=1056,bs=[8,1],nr=[1,1],per=[0,1,2,3],k_v=2112,o=1): [1;32mOK[0m
  MUL_MAT(type_a=f32,type_b=f32,m=1056,n=1,k=128,bs=[8,1],nr=[1,1],per=[0,2,1,3],k_v=0,o=1): [1;32mOK[0m
  MUL_MAT(type_a=f32,type_b=f32,m=128,n=1,k=1056,bs=[8,1],nr=[1,1],per=[0,1,2,3],k_v=2112,o=1): [1;32mOK[0m
  MUL_MAT(type_a=f16,type_b=f32,m=1056,n=1,k=129,bs=[8,1],nr=[1,1],per=[0,2,1,3],k_v=0,o=1): [1;32mOK[0m
  MUL_MAT(type_a=f16,type_b=f32,m=128,n=1,k=1057,bs=[8,1],nr=[1,1],per=[0,1,2,3],k_v=2113,o=1): [1;32mOK[0m
  MUL_MAT(type_a=bf16,type_b=f32,m=1056,n=1,k=129,bs=[8,1],nr=[1,1],per=[0,2,1,3],k_v=0,o=1): [1;32mOK[0m
  MUL_MAT(type_a=bf16,type_b=f32,m=128,n=1,k=1057,bs=[8,1],nr=[1,1],per=[0,1,2,3],k_v=2113,o=1): ggml_backend_cuda_graph_compute: CUDA graph warmup complete
[1;32mOK[0m
  MUL_MAT(type_a=f32,type_b=f32,m=1056,n=1,k=129,bs=[8,1],nr=[1,1],per=[0,2,1,3],k_v=0,o=1): ggml_backend_cuda_graph_compute: CUDA graph warmup reset
[1;32mOK[0m
  MUL_MAT(type_a=f32,type_b=f32,m=128,n=1,k=1057,bs=[8,1],nr=[1,1],per=[0,1,2,3],k_v=2113,o=1): [1;32mOK[0m
  MUL_MAT(type_a=f16,type_b=f32,m=1057,n=1,k=128,bs=[8,1],nr=[1,1],per=[0,2,1,3],k_v=0,o=1): [1;32mOK[0m
  MUL_MAT(type_a=f16,type_b=f32,m=129,n=1,k=1056,bs=[8,1],nr=[1,1],per=[0,1,2,3],k_v=2112,o=1): [1;32mOK[0m
  MUL_MAT(type_a=bf16,type_b=f32,m=1057,n=1,k=128,bs=[8,1],nr=[1,1],per=[0,2,1,3],k_v=0,o=1): [1;32mOK[0m
  MUL_MAT(type_a=bf16,type_b=f32,m=129,n=1,k=1056,bs=[8,1],nr=[1,1],per=[0,1,2,3],k_v=2112,o=1): [1;32mOK[0m
  MUL_MAT(type_a=f32,type_b=f32,m=1057,n=1,k=128,bs=[8,1],nr=[1,1],per=[0,2,1,3],k_v=0,o=1): [1;32mOK[0m
  MUL_MAT(type_a=f32,type_b=f32,m=129,n=1,k=1056,bs=[8,1],nr=[1,1],per=[0,1,2,3],k_v=2112,o=1): [1;32mOK[0m
  MUL_MAT(type_a=f16,type_b=f32,m=1057,n=1,k=129,bs=[8,1],nr=[1,1],per=[0,2,1,3],k_v=0,o=1): [1;32mOK[0m
  MUL_MAT(type_a=f16,type_b=f32,m=129,n=1,k=1057,bs=[8,1],nr=[1,1],per=[0,1,2,3],k_v=2113,o=1): [1;32mOK[0m
  MUL_MAT(type_a=bf16,type_b=f32,m=1057,n=1,k=129,bs=[8,1],nr=[1,1],per=[0,2,1,3],k_v=0,o=1): [1;32mOK[0m
  MUL_MAT(type_a=bf16,type_b=f32,m=129,n=1,k=1057,bs=[8,1],nr=[1,1],per=[0,1,2,3],k_v=2113,o=1): ggml_backend_cuda_graph_compute: CUDA graph warmup complete
[1;32mOK[0m
  MUL_MAT(type_a=f32,type_b=f32,m=1057,n=1,k=129,bs=[8,1],nr=[1,1],per=[0,2,1,3],k_v=0,o=1): ggml_backend_cuda_graph_compute: CUDA graph warmup reset
[1;32mOK[0m
  MUL_MAT(type_a=f32,type_b=f32,m=129,n=1,k=1057,bs=[8,1],nr=[1,1],per=[0,1,2,3],k_v=2113,o=1): [1;32mOK[0m
  MUL_MAT(type_a=f16,type_b=f32,m=1056,n=1,k=128,bs=[8,1],nr=[4,1],per=[0,2,1,3],k_v=0,o=1): [1;32mOK[0m
  MUL_MAT(type_a=f16,type_b=f32,m=128,n=1,k=1056,bs=[8,1],nr=[4,1],per=[0,1,2,3],k_v=2112,o=1): [1;32mOK[0m
  MUL_MAT(type_a=bf16,type_b=f32,m=1056,n=1,k=128,bs=[8,1],nr=[4,1],per=[0,2,1,3],k_v=0,o=1): [1;32mOK[0m
  MUL_MAT(type_a=bf16,type_b=f32,m=128,n=1,k=1056,bs=[8,1],nr=[4,1],per=[0,1,2,3],k_v=2112,o=1): [1;32mOK[0m
  MUL_MAT(type_a=f32,type_b=f32,m=1056,n=1,k=128,bs=[8,1],nr=[4,1],per=[0,2,1,3],k_v=0,o=1): [1;32mOK[0m
  MUL_MAT(type_a=f32,type_b=f32,m=128,n=1,k=1056,bs=[8,1],nr=[4,1],per=[0,1,2,3],k_v=2112,o=1): [1;32mOK[0m
  MUL_MAT(type_a=f16,type_b=f32,m=1056,n=1,k=129,bs=[8,1],nr=[4,1],per=[0,2,1,3],k_v=0,o=1): [1;32mOK[0m
  MUL_MAT(type_a=f16,type_b=f32,m=128,n=1,k=1057,bs=[8,1],nr=[4,1],per=[0,1,2,3],k_v=2113,o=1): [1;32mOK[0m
  MUL_MAT(type_a=bf16,type_b=f32,m=1056,n=1,k=129,bs=[8,1],nr=[4,1],per=[0,2,1,3],k_v=0,o=1): [1;32mOK[0m
  MUL_MAT(type_a=bf16,type_b=f32,m=128,n=1,k=1057,bs=[8,1],nr=[4,1],per=[0,1,2,3],k_v=2113,o=1): ggml_backend_cuda_graph_compute: CUDA graph warmup complete
[1;32mOK[0m
  MUL_MAT(type_a=f32,type_b=f32,m=1056,n=1,k=129,bs=[8,1],nr=[4,1],per=[0,2,1,3],k_v=0,o=1): ggml_backend_cuda_graph_compute: CUDA graph warmup reset
[1;32mOK[0m
  MUL_MAT(type_a=f32,type_b=f32,m=128,n=1,k=1057,bs=[8,1],nr=[4,1],per=[0,1,2,3],k_v=2113,o=1): [1;32mOK[0m
  MUL_MAT(type_a=f16,type_b=f32,m=1057,n=1,k=128,bs=[8,1],nr=[4,1],per=[0,2,1,3],k_v=0,o=1): [1;32mOK[0m
  MUL_MAT(type_a=f16,type_b=f32,m=129,n=1,k=1056,bs=[8,1],nr=[4,1],per=[0,1,2,3],k_v=2112,o=1): [1;32mOK[0m
  MUL_MAT(type_a=bf16,type_b=f32,m=1057,n=1,k=128,bs=[8,1],nr=[4,1],per=[0,2,1,3],k_v=0,o=1): [1;32mOK[0m
  MUL_MAT(type_a=bf16,type_b=f32,m=129,n=1,k=1056,bs=[8,1],nr=[4,1],per=[0,1,2,3],k_v=2112,o=1): [1;32mOK[0m
  MUL_MAT(type_a=f32,type_b=f32,m=1057,n=1,k=128,bs=[8,1],nr=[4,1],per=[0,2,1,3],k_v=0,o=1): [1;32mOK[0m
  MUL_MAT(type_a=f32,type_b=f32,m=129,n=1,k=1056,bs=[8,1],nr=[4,1],per=[0,1,2,3],k_v=2112,o=1): [1;32mOK[0m
  MUL_MAT(type_a=f16,type_b=f32,m=1057,n=1,k=129,bs=[8,1],nr=[4,1],per=[0,2,1,3],k_v=0,o=1): [1;32mOK[0m
  MUL_MAT(type_a=f16,type_b=f32,m=129,n=1,k=1057,bs=[8,1],nr=[4,1],per=[0,1,2,3],k_v=2113,o=1): ggml_backend_cuda_graph_compute: CUDA graph warmup complete
ggml_backend_cuda_graph_compute: CUDA graph warmup complete
ggml_backend_cuda_graph_compute: CUDA graph warmup complete
ggml_backend_cuda_graph_compute: CUDA graph warmup complete
ggml_backend_cuda_graph_compute: CUDA graph warmup complete
ggml_backend_cuda_graph_compute: CUDA graph warmup complete
ggml_backend_cuda_graph_compute: CUDA graph warmup complete
[1;32mOK[0m
  MUL_MAT(type_a=bf16,type_b=f32,m=1057,n=1,k=129,bs=[8,1],nr=[4,1],per=[0,2,1,3],k_v=0,o=1): ggml_backend_cuda_graph_compute: CUDA graph warmup reset
ggml_backend_cuda_graph_compute: CUDA graph warmup reset
ggml_backend_cuda_graph_compute: CUDA graph warmup reset
ggml_backend_cuda_graph_compute: CUDA graph warmup reset
ggml_backend_cuda_graph_compute: CUDA graph warmup reset
ggml_backend_cuda_graph_compute: CUDA graph warmup reset
ggml_backend_cuda_graph_compute: CUDA graph warmup reset
[1;32mOK[0m
  MUL_MAT(type_a=bf16,type_b=f32,m=129,n=1,k=1057,bs=[8,1],nr=[4,1],per=[0,1,2,3],k_v=2113,o=1): ggml_backend_cuda_graph_compute: CUDA graph warmup complete
[1;32mOK[0m
  MUL_MAT(type_a=f32,type_b=f32,m=1057,n=1,k=129,bs=[8,1],nr=[4,1],per=[0,2,1,3],k_v=0,o=1): ggml_backend_cuda_graph_compute: CUDA graph warmup reset
[1;32mOK[0m
  MUL_MAT(type_a=f32,type_b=f32,m=129,n=1,k=1057,bs=[8,1],nr=[4,1],per=[0,1,2,3],k_v=2113,o=1): [1;32mOK[0m
  MUL_MAT(type_a=f16,type_b=f32,m=1056,n=1,k=128,bs=[1,3],nr=[1,1],per=[0,2,1,3],k_v=0,o=1): [1;32mOK[0m
  MUL_MAT(type_a=f16,type_b=f32,m=128,n=1,k=1056,bs=[1,3],nr=[1,1],per=[0,1,2,3],k_v=2112,o=1): [1;32mOK[0m
  MUL_MAT(type_a=bf16,type_b=f32,m=1056,n=1,k=128,bs=[1,3],nr=[1,1],per=[0,2,1,3],k_v=0,o=1): [1;32mOK[0m
  MUL_MAT(type_a=bf16,type_b=f32,m=128,n=1,k=1056,bs=[1,3],nr=[1,1],per=[0,1,2,3],k_v=2112,o=1): [1;32mOK[0m
  MUL_MAT(type_a=f32,type_b=f32,m=1056,n=1,k=128,bs=[1,3],nr=[1,1],per=[0,2,1,3],k_v=0,o=1): [1;32mOK[0m
  MUL_MAT(type_a=f32,type_b=f32,m=128,n=1,k=1056,bs=[1,3],nr=[1,1],per=[0,1,2,3],k_v=2112,o=1): [1;32mOK[0m
  MUL_MAT(type_a=f16,type_b=f32,m=1056,n=1,k=129,bs=[1,3],nr=[1,1],per=[0,2,1,3],k_v=0,o=1): [1;32mOK[0m
  MUL_MAT(type_a=f16,type_b=f32,m=128,n=1,k=1057,bs=[1,3],nr=[1,1],per=[0,1,2,3],k_v=2113,o=1): [1;32mOK[0m
  MUL_MAT(type_a=bf16,type_b=f32,m=1056,n=1,k=129,bs=[1,3],nr=[1,1],per=[0,2,1,3],k_v=0,o=1): [1;32mOK[0m
  MUL_MAT(type_a=bf16,type_b=f32,m=128,n=1,k=1057,bs=[1,3],nr=[1,1],per=[0,1,2,3],k_v=2113,o=1): ggml_backend_cuda_graph_compute: CUDA graph warmup complete
[1;32mOK[0m
  MUL_MAT(type_a=f32,type_b=f32,m=1056,n=1,k=129,bs=[1,3],nr=[1,1],per=[0,2,1,3],k_v=0,o=1): ggml_backend_cuda_graph_compute: CUDA graph warmup reset
[1;32mOK[0m
  MUL_MAT(type_a=f32,type_b=f32,m=128,n=1,k=1057,bs=[1,3],nr=[1,1],per=[0,1,2,3],k_v=2113,o=1): [1;32mOK[0m
  MUL_MAT(type_a=f16,type_b=f32,m=1057,n=1,k=128,bs=[1,3],nr=[1,1],per=[0,2,1,3],k_v=0,o=1): [1;32mOK[0m
  MUL_MAT(type_a=f16,type_b=f32,m=129,n=1,k=1056,bs=[1,3],nr=[1,1],per=[0,1,2,3],k_v=2112,o=1): [1;32mOK[0m
  MUL_MAT(type_a=bf16,type_b=f32,m=1057,n=1,k=128,bs=[1,3],nr=[1,1],per=[0,2,1,3],k_v=0,o=1): [1;32mOK[0m
  MUL_MAT(type_a=bf16,type_b=f32,m=129,n=1,k=1056,bs=[1,3],nr=[1,1],per=[0,1,2,3],k_v=2112,o=1): [1;32mOK[0m
  MUL_MAT(type_a=f32,type_b=f32,m=1057,n=1,k=128,bs=[1,3],nr=[1,1],per=[0,2,1,3],k_v=0,o=1): [1;32mOK[0m
  MUL_MAT(type_a=f32,type_b=f32,m=129,n=1,k=1056,bs=[1,3],nr=[1,1],per=[0,1,2,3],k_v=2112,o=1): [1;32mOK[0m
  MUL_MAT(type_a=f16,type_b=f32,m=1057,n=1,k=129,bs=[1,3],nr=[1,1],per=[0,2,1,3],k_v=0,o=1): [1;32mOK[0m
  MUL_MAT(type_a=f16,type_b=f32,m=129,n=1,k=1057,bs=[1,3],nr=[1,1],per=[0,1,2,3],k_v=2113,o=1): [1;32mOK[0m
  MUL_MAT(type_a=bf16,type_b=f32,m=1057,n=1,k=129,bs=[1,3],nr=[1,1],per=[0,2,1,3],k_v=0,o=1): [1;32mOK[0m
  MUL_MAT(type_a=bf16,type_b=f32,m=129,n=1,k=1057,bs=[1,3],nr=[1,1],per=[0,1,2,3],k_v=2113,o=1): ggml_backend_cuda_graph_compute: CUDA graph warmup complete
[1;32mOK[0m
  MUL_MAT(type_a=f32,type_b=f32,m=1057,n=1,k=129,bs=[1,3],nr=[1,1],per=[0,2,1,3],k_v=0,o=1): [1;32mOK[0m
  MUL_MAT(type_a=f32,type_b=f32,m=129,n=1,k=1057,bs=[1,3],nr=[1,1],per=[0,1,2,3],k_v=2113,o=1): ggml_backend_cuda_graph_compute: CUDA graph warmup reset
[1;32mOK[0m
  MUL_MAT(type_a=f16,type_b=f32,m=1056,n=1,k=128,bs=[1,3],nr=[4,1],per=[0,2,1,3],k_v=0,o=1): [1;32mOK[0m
  MUL_MAT(type_a=f16,type_b=f32,m=128,n=1,k=1056,bs=[1,3],nr=[4,1],per=[0,1,2,3],k_v=2112,o=1): [1;32mOK[0m
  MUL_MAT(type_a=bf16,type_b=f32,m=1056,n=1,k=128,bs=[1,3],nr=[4,1],per=[0,2,1,3],k_v=0,o=1): [1;32mOK[0m
  MUL_MAT(type_a=bf16,type_b=f32,m=128,n=1,k=1056,bs=[1,3],nr=[4,1],per=[0,1,2,3],k_v=2112,o=1): [1;32mOK[0m
  MUL_MAT(type_a=f32,type_b=f32,m=1056,n=1,k=128,bs=[1,3],nr=[4,1],per=[0,2,1,3],k_v=0,o=1): [1;32mOK[0m
  MUL_MAT(type_a=f32,type_b=f32,m=128,n=1,k=1056,bs=[1,3],nr=[4,1],per=[0,1,2,3],k_v=2112,o=1): [1;32mOK[0m
  MUL_MAT(type_a=f16,type_b=f32,m=1056,n=1,k=129,bs=[1,3],nr=[4,1],per=[0,2,1,3],k_v=0,o=1): [1;32mOK[0m
  MUL_MAT(type_a=f16,type_b=f32,m=128,n=1,k=1057,bs=[1,3],nr=[4,1],per=[0,1,2,3],k_v=2113,o=1): [1;32mOK[0m
  MUL_MAT(type_a=bf16,type_b=f32,m=1056,n=1,k=129,bs=[1,3],nr=[4,1],per=[0,2,1,3],k_v=0,o=1): [1;32mOK[0m
  MUL_MAT(type_a=bf16,type_b=f32,m=128,n=1,k=1057,bs=[1,3],nr=[4,1],per=[0,1,2,3],k_v=2113,o=1): [1;32mOK[0m
  MUL_MAT(type_a=f32,type_b=f32,m=1056,n=1,k=129,bs=[1,3],nr=[4,1],per=[0,2,1,3],k_v=0,o=1): [1;32mOK[0m
  MUL_MAT(type_a=f32,type_b=f32,m=128,n=1,k=1057,bs=[1,3],nr=[4,1],per=[0,1,2,3],k_v=2113,o=1): [1;32mOK[0m
  MUL_MAT(type_a=f16,type_b=f32,m=1057,n=1,k=128,bs=[1,3],nr=[4,1],per=[0,2,1,3],k_v=0,o=1): [1;32mOK[0m
  MUL_MAT(type_a=f16,type_b=f32,m=129,n=1,k=1056,bs=[1,3],nr=[4,1],per=[0,1,2,3],k_v=2112,o=1): [1;32mOK[0m
  MUL_MAT(type_a=bf16,type_b=f32,m=1057,n=1,k=128,bs=[1,3],nr=[4,1],per=[0,2,1,3],k_v=0,o=1): [1;32mOK[0m
  MUL_MAT(type_a=bf16,type_b=f32,m=129,n=1,k=1056,bs=[1,3],nr=[4,1],per=[0,1,2,3],k_v=2112,o=1): [1;32mOK[0m
  MUL_MAT(type_a=f32,type_b=f32,m=1057,n=1,k=128,bs=[1,3],nr=[4,1],per=[0,2,1,3],k_v=0,o=1): [1;32mOK[0m
  MUL_MAT(type_a=f32,type_b=f32,m=129,n=1,k=1056,bs=[1,3],nr=[4,1],per=[0,1,2,3],k_v=2112,o=1): [1;32mOK[0m
  MUL_MAT(type_a=f16,type_b=f32,m=1057,n=1,k=129,bs=[1,3],nr=[4,1],per=[0,2,1,3],k_v=0,o=1): [1;32mOK[0m
  MUL_MAT(type_a=f16,type_b=f32,m=129,n=1,k=1057,bs=[1,3],nr=[4,1],per=[0,1,2,3],k_v=2113,o=1): [1;32mOK[0m
  MUL_MAT(type_a=bf16,type_b=f32,m=1057,n=1,k=129,bs=[1,3],nr=[4,1],per=[0,2,1,3],k_v=0,o=1): [1;32mOK[0m
  MUL_MAT(type_a=bf16,type_b=f32,m=129,n=1,k=1057,bs=[1,3],nr=[4,1],per=[0,1,2,3],k_v=2113,o=1): ggml_backend_cuda_graph_compute: CUDA graph warmup complete
[1;32mOK[0m
  MUL_MAT(type_a=f32,type_b=f32,m=1057,n=1,k=129,bs=[1,3],nr=[4,1],per=[0,2,1,3],k_v=0,o=1): ggml_backend_cuda_graph_compute: CUDA graph warmup reset
[1;32mOK[0m
  MUL_MAT(type_a=f32,type_b=f32,m=129,n=1,k=1057,bs=[1,3],nr=[4,1],per=[0,1,2,3],k_v=2113,o=1): [1;32mOK[0m
  MUL_MAT(type_a=f16,type_b=f32,m=1056,n=1,k=128,bs=[2,3],nr=[1,1],per=[0,2,1,3],k_v=0,o=1): [1;32mOK[0m
  MUL_MAT(type_a=f16,type_b=f32,m=128,n=1,k=1056,bs=[2,3],nr=[1,1],per=[0,1,2,3],k_v=2112,o=1): [1;32mOK[0m
  MUL_MAT(type_a=bf16,type_b=f32,m=1056,n=1,k=128,bs=[2,3],nr=[1,1],per=[0,2,1,3],k_v=0,o=1): [1;32mOK[0m
  MUL_MAT(type_a=bf16,type_b=f32,m=128,n=1,k=1056,bs=[2,3],nr=[1,1],per=[0,1,2,3],k_v=2112,o=1): [1;32mOK[0m
  MUL_MAT(type_a=f32,type_b=f32,m=1056,n=1,k=128,bs=[2,3],nr=[1,1],per=[0,2,1,3],k_v=0,o=1): [1;32mOK[0m
  MUL_MAT(type_a=f32,type_b=f32,m=128,n=1,k=1056,bs=[2,3],nr=[1,1],per=[0,1,2,3],k_v=2112,o=1): [1;32mOK[0m
  MUL_MAT(type_a=f16,type_b=f32,m=1056,n=1,k=129,bs=[2,3],nr=[1,1],per=[0,2,1,3],k_v=0,o=1): [1;32mOK[0m
  MUL_MAT(type_a=f16,type_b=f32,m=128,n=1,k=1057,bs=[2,3],nr=[1,1],per=[0,1,2,3],k_v=2113,o=1): [1;32mOK[0m
  MUL_MAT(type_a=bf16,type_b=f32,m=1056,n=1,k=129,bs=[2,3],nr=[1,1],per=[0,2,1,3],k_v=0,o=1): [1;32mOK[0m
  MUL_MAT(type_a=bf16,type_b=f32,m=128,n=1,k=1057,bs=[2,3],nr=[1,1],per=[0,1,2,3],k_v=2113,o=1): ggml_backend_cuda_graph_compute: CUDA graph warmup complete
[1;32mOK[0m
  MUL_MAT(type_a=f32,type_b=f32,m=1056,n=1,k=129,bs=[2,3],nr=[1,1],per=[0,2,1,3],k_v=0,o=1): ggml_backend_cuda_graph_compute: CUDA graph warmup reset
[1;32mOK[0m
  MUL_MAT(type_a=f32,type_b=f32,m=128,n=1,k=1057,bs=[2,3],nr=[1,1],per=[0,1,2,3],k_v=2113,o=1): [1;32mOK[0m
  MUL_MAT(type_a=f16,type_b=f32,m=1057,n=1,k=128,bs=[2,3],nr=[1,1],per=[0,2,1,3],k_v=0,o=1): [1;32mOK[0m
  MUL_MAT(type_a=f16,type_b=f32,m=129,n=1,k=1056,bs=[2,3],nr=[1,1],per=[0,1,2,3],k_v=2112,o=1): [1;32mOK[0m
  MUL_MAT(type_a=bf16,type_b=f32,m=1057,n=1,k=128,bs=[2,3],nr=[1,1],per=[0,2,1,3],k_v=0,o=1): [1;32mOK[0m
  MUL_MAT(type_a=bf16,type_b=f32,m=129,n=1,k=1056,bs=[2,3],nr=[1,1],per=[0,1,2,3],k_v=2112,o=1): [1;32mOK[0m
  MUL_MAT(type_a=f32,type_b=f32,m=1057,n=1,k=128,bs=[2,3],nr=[1,1],per=[0,2,1,3],k_v=0,o=1): [1;32mOK[0m
  MUL_MAT(type_a=f32,type_b=f32,m=129,n=1,k=1056,bs=[2,3],nr=[1,1],per=[0,1,2,3],k_v=2112,o=1): [1;32mOK[0m
  MUL_MAT(type_a=f16,type_b=f32,m=1057,n=1,k=129,bs=[2,3],nr=[1,1],per=[0,2,1,3],k_v=0,o=1): [1;32mOK[0m
  MUL_MAT(type_a=f16,type_b=f32,m=129,n=1,k=1057,bs=[2,3],nr=[1,1],per=[0,1,2,3],k_v=2113,o=1): [1;32mOK[0m
  MUL_MAT(type_a=bf16,type_b=f32,m=1057,n=1,k=129,bs=[2,3],nr=[1,1],per=[0,2,1,3],k_v=0,o=1): [1;32mOK[0m
  MUL_MAT(type_a=bf16,type_b=f32,m=129,n=1,k=1057,bs=[2,3],nr=[1,1],per=[0,1,2,3],k_v=2113,o=1): ggml_backend_cuda_graph_compute: CUDA graph warmup complete
[1;32mOK[0m
  MUL_MAT(type_a=f32,type_b=f32,m=1057,n=1,k=129,bs=[2,3],nr=[1,1],per=[0,2,1,3],k_v=0,o=1): ggml_backend_cuda_graph_compute: CUDA graph warmup reset
[1;32mOK[0m
  MUL_MAT(type_a=f32,type_b=f32,m=129,n=1,k=1057,bs=[2,3],nr=[1,1],per=[0,1,2,3],k_v=2113,o=1): [1;32mOK[0m
  MUL_MAT(type_a=f16,type_b=f32,m=1056,n=1,k=128,bs=[2,3],nr=[4,1],per=[0,2,1,3],k_v=0,o=1): [1;32mOK[0m
  MUL_MAT(type_a=f16,type_b=f32,m=128,n=1,k=1056,bs=[2,3],nr=[4,1],per=[0,1,2,3],k_v=2112,o=1): [1;32mOK[0m
  MUL_MAT(type_a=bf16,type_b=f32,m=1056,n=1,k=128,bs=[2,3],nr=[4,1],per=[0,2,1,3],k_v=0,o=1): [1;32mOK[0m
  MUL_MAT(type_a=bf16,type_b=f32,m=128,n=1,k=1056,bs=[2,3],nr=[4,1],per=[0,1,2,3],k_v=2112,o=1): [1;32mOK[0m
  MUL_MAT(type_a=f32,type_b=f32,m=1056,n=1,k=128,bs=[2,3],nr=[4,1],per=[0,2,1,3],k_v=0,o=1): [1;32mOK[0m
  MUL_MAT(type_a=f32,type_b=f32,m=128,n=1,k=1056,bs=[2,3],nr=[4,1],per=[0,1,2,3],k_v=2112,o=1): [1;32mOK[0m
  MUL_MAT(type_a=f16,type_b=f32,m=1056,n=1,k=129,bs=[2,3],nr=[4,1],per=[0,2,1,3],k_v=0,o=1): [1;32mOK[0m
  MUL_MAT(type_a=f16,type_b=f32,m=128,n=1,k=1057,bs=[2,3],nr=[4,1],per=[0,1,2,3],k_v=2113,o=1): [1;32mOK[0m
  MUL_MAT(type_a=bf16,type_b=f32,m=1056,n=1,k=129,bs=[2,3],nr=[4,1],per=[0,2,1,3],k_v=0,o=1): [1;32mOK[0m
  MUL_MAT(type_a=bf16,type_b=f32,m=128,n=1,k=1057,bs=[2,3],nr=[4,1],per=[0,1,2,3],k_v=2113,o=1): ggml_backend_cuda_graph_compute: CUDA graph warmup complete
[1;32mOK[0m
  MUL_MAT(type_a=f32,type_b=f32,m=1056,n=1,k=129,bs=[2,3],nr=[4,1],per=[0,2,1,3],k_v=0,o=1): ggml_backend_cuda_graph_compute: CUDA graph warmup reset
[1;32mOK[0m
  MUL_MAT(type_a=f32,type_b=f32,m=128,n=1,k=1057,bs=[2,3],nr=[4,1],per=[0,1,2,3],k_v=2113,o=1): [1;32mOK[0m
  MUL_MAT(type_a=f16,type_b=f32,m=1057,n=1,k=128,bs=[2,3],nr=[4,1],per=[0,2,1,3],k_v=0,o=1): [1;32mOK[0m
  MUL_MAT(type_a=f16,type_b=f32,m=129,n=1,k=1056,bs=[2,3],nr=[4,1],per=[0,1,2,3],k_v=2112,o=1): [1;32mOK[0m
  MUL_MAT(type_a=bf16,type_b=f32,m=1057,n=1,k=128,bs=[2,3],nr=[4,1],per=[0,2,1,3],k_v=0,o=1): [1;32mOK[0m
  MUL_MAT(type_a=bf16,type_b=f32,m=129,n=1,k=1056,bs=[2,3],nr=[4,1],per=[0,1,2,3],k_v=2112,o=1): [1;32mOK[0m
  MUL_MAT(type_a=f32,type_b=f32,m=1057,n=1,k=128,bs=[2,3],nr=[4,1],per=[0,2,1,3],k_v=0,o=1): [1;32mOK[0m
  MUL_MAT(type_a=f32,type_b=f32,m=129,n=1,k=1056,bs=[2,3],nr=[4,1],per=[0,1,2,3],k_v=2112,o=1): [1;32mOK[0m
  MUL_MAT(type_a=f16,type_b=f32,m=1057,n=1,k=129,bs=[2,3],nr=[4,1],per=[0,2,1,3],k_v=0,o=1): [1;32mOK[0m
  MUL_MAT(type_a=f16,type_b=f32,m=129,n=1,k=1057,bs=[2,3],nr=[4,1],per=[0,1,2,3],k_v=2113,o=1): [1;32mOK[0m
  MUL_MAT(type_a=bf16,type_b=f32,m=1057,n=1,k=129,bs=[2,3],nr=[4,1],per=[0,2,1,3],k_v=0,o=1): [1;32mOK[0m
  MUL_MAT(type_a=bf16,type_b=f32,m=129,n=1,k=1057,bs=[2,3],nr=[4,1],per=[0,1,2,3],k_v=2113,o=1): ggml_backend_cuda_graph_compute: CUDA graph warmup complete
[1;32mOK[0m
  MUL_MAT(type_a=f32,type_b=f32,m=1057,n=1,k=129,bs=[2,3],nr=[4,1],per=[0,2,1,3],k_v=0,o=1): ggml_backend_cuda_graph_compute: CUDA graph warmup reset
[1;32mOK[0m
  MUL_MAT(type_a=f32,type_b=f32,m=129,n=1,k=1057,bs=[2,3],nr=[4,1],per=[0,1,2,3],k_v=2113,o=1): [1;32mOK[0m
  MUL_MAT(type_a=f16,type_b=f32,m=1056,n=1,k=128,bs=[4,3],nr=[1,1],per=[0,2,1,3],k_v=0,o=1): [1;32mOK[0m
  MUL_MAT(type_a=f16,type_b=f32,m=128,n=1,k=1056,bs=[4,3],nr=[1,1],per=[0,1,2,3],k_v=2112,o=1): [1;32mOK[0m
  MUL_MAT(type_a=bf16,type_b=f32,m=1056,n=1,k=128,bs=[4,3],nr=[1,1],per=[0,2,1,3],k_v=0,o=1): [1;32mOK[0m
  MUL_MAT(type_a=bf16,type_b=f32,m=128,n=1,k=1056,bs=[4,3],nr=[1,1],per=[0,1,2,3],k_v=2112,o=1): [1;32mOK[0m
  MUL_MAT(type_a=f32,type_b=f32,m=1056,n=1,k=128,bs=[4,3],nr=[1,1],per=[0,2,1,3],k_v=0,o=1): [1;32mOK[0m
  MUL_MAT(type_a=f32,type_b=f32,m=128,n=1,k=1056,bs=[4,3],nr=[1,1],per=[0,1,2,3],k_v=2112,o=1): [1;32mOK[0m
  MUL_MAT(type_a=f16,type_b=f32,m=1056,n=1,k=129,bs=[4,3],nr=[1,1],per=[0,2,1,3],k_v=0,o=1): [1;32mOK[0m
  MUL_MAT(type_a=f16,type_b=f32,m=128,n=1,k=1057,bs=[4,3],nr=[1,1],per=[0,1,2,3],k_v=2113,o=1): [1;32mOK[0m
  MUL_MAT(type_a=bf16,type_b=f32,m=1056,n=1,k=129,bs=[4,3],nr=[1,1],per=[0,2,1,3],k_v=0,o=1): [1;32mOK[0m
  MUL_MAT(type_a=bf16,type_b=f32,m=128,n=1,k=1057,bs=[4,3],nr=[1,1],per=[0,1,2,3],k_v=2113,o=1): ggml_backend_cuda_graph_compute: CUDA graph warmup complete
[1;32mOK[0m
  MUL_MAT(type_a=f32,type_b=f32,m=1056,n=1,k=129,bs=[4,3],nr=[1,1],per=[0,2,1,3],k_v=0,o=1): ggml_backend_cuda_graph_compute: CUDA graph warmup reset
[1;32mOK[0m
  MUL_MAT(type_a=f32,type_b=f32,m=128,n=1,k=1057,bs=[4,3],nr=[1,1],per=[0,1,2,3],k_v=2113,o=1): [1;32mOK[0m
  MUL_MAT(type_a=f16,type_b=f32,m=1057,n=1,k=128,bs=[4,3],nr=[1,1],per=[0,2,1,3],k_v=0,o=1): [1;32mOK[0m
  MUL_MAT(type_a=f16,type_b=f32,m=129,n=1,k=1056,bs=[4,3],nr=[1,1],per=[0,1,2,3],k_v=2112,o=1): [1;32mOK[0m
  MUL_MAT(type_a=bf16,type_b=f32,m=1057,n=1,k=128,bs=[4,3],nr=[1,1],per=[0,2,1,3],k_v=0,o=1): [1;32mOK[0m
  MUL_MAT(type_a=bf16,type_b=f32,m=129,n=1,k=1056,bs=[4,3],nr=[1,1],per=[0,1,2,3],k_v=2112,o=1): [1;32mOK[0m
  MUL_MAT(type_a=f32,type_b=f32,m=1057,n=1,k=128,bs=[4,3],nr=[1,1],per=[0,2,1,3],k_v=0,o=1): [1;32mOK[0m
  MUL_MAT(type_a=f32,type_b=f32,m=129,n=1,k=1056,bs=[4,3],nr=[1,1],per=[0,1,2,3],k_v=2112,o=1): [1;32mOK[0m
  MUL_MAT(type_a=f16,type_b=f32,m=1057,n=1,k=129,bs=[4,3],nr=[1,1],per=[0,2,1,3],k_v=0,o=1): [1;32mOK[0m
  MUL_MAT(type_a=f16,type_b=f32,m=129,n=1,k=1057,bs=[4,3],nr=[1,1],per=[0,1,2,3],k_v=2113,o=1): [1;32mOK[0m
  MUL_MAT(type_a=bf16,type_b=f32,m=1057,n=1,k=129,bs=[4,3],nr=[1,1],per=[0,2,1,3],k_v=0,o=1): [1;32mOK[0m
  MUL_MAT(type_a=bf16,type_b=f32,m=129,n=1,k=1057,bs=[4,3],nr=[1,1],per=[0,1,2,3],k_v=2113,o=1): ggml_backend_cuda_graph_compute: CUDA graph warmup complete
[1;32mOK[0m
  MUL_MAT(type_a=f32,type_b=f32,m=1057,n=1,k=129,bs=[4,3],nr=[1,1],per=[0,2,1,3],k_v=0,o=1): ggml_backend_cuda_graph_compute: CUDA graph warmup reset
[1;32mOK[0m
  MUL_MAT(type_a=f32,type_b=f32,m=129,n=1,k=1057,bs=[4,3],nr=[1,1],per=[0,1,2,3],k_v=2113,o=1): [1;32mOK[0m
  MUL_MAT(type_a=f16,type_b=f32,m=1056,n=1,k=128,bs=[4,3],nr=[4,1],per=[0,2,1,3],k_v=0,o=1): [1;32mOK[0m
  MUL_MAT(type_a=f16,type_b=f32,m=128,n=1,k=1056,bs=[4,3],nr=[4,1],per=[0,1,2,3],k_v=2112,o=1): [1;32mOK[0m
  MUL_MAT(type_a=bf16,type_b=f32,m=1056,n=1,k=128,bs=[4,3],nr=[4,1],per=[0,2,1,3],k_v=0,o=1): [1;32mOK[0m
  MUL_MAT(type_a=bf16,type_b=f32,m=128,n=1,k=1056,bs=[4,3],nr=[4,1],per=[0,1,2,3],k_v=2112,o=1): [1;32mOK[0m
  MUL_MAT(type_a=f32,type_b=f32,m=1056,n=1,k=128,bs=[4,3],nr=[4,1],per=[0,2,1,3],k_v=0,o=1): [1;32mOK[0m
  MUL_MAT(type_a=f32,type_b=f32,m=128,n=1,k=1056,bs=[4,3],nr=[4,1],per=[0,1,2,3],k_v=2112,o=1): [1;32mOK[0m
  MUL_MAT(type_a=f16,type_b=f32,m=1056,n=1,k=129,bs=[4,3],nr=[4,1],per=[0,2,1,3],k_v=0,o=1): [1;32mOK[0m
  MUL_MAT(type_a=f16,type_b=f32,m=128,n=1,k=1057,bs=[4,3],nr=[4,1],per=[0,1,2,3],k_v=2113,o=1): [1;32mOK[0m
  MUL_MAT(type_a=bf16,type_b=f32,m=1056,n=1,k=129,bs=[4,3],nr=[4,1],per=[0,2,1,3],k_v=0,o=1): [1;32mOK[0m
  MUL_MAT(type_a=bf16,type_b=f32,m=128,n=1,k=1057,bs=[4,3],nr=[4,1],per=[0,1,2,3],k_v=2113,o=1): ggml_backend_cuda_graph_compute: CUDA graph warmup complete
[1;32mOK[0m
  MUL_MAT(type_a=f32,type_b=f32,m=1056,n=1,k=129,bs=[4,3],nr=[4,1],per=[0,2,1,3],k_v=0,o=1): ggml_backend_cuda_graph_compute: CUDA graph warmup reset
[1;32mOK[0m
  MUL_MAT(type_a=f32,type_b=f32,m=128,n=1,k=1057,bs=[4,3],nr=[4,1],per=[0,1,2,3],k_v=2113,o=1): [1;32mOK[0m
  MUL_MAT(type_a=f16,type_b=f32,m=1057,n=1,k=128,bs=[4,3],nr=[4,1],per=[0,2,1,3],k_v=0,o=1): [1;32mOK[0m
  MUL_MAT(type_a=f16,type_b=f32,m=129,n=1,k=1056,bs=[4,3],nr=[4,1],per=[0,1,2,3],k_v=2112,o=1): [1;32mOK[0m
  MUL_MAT(type_a=bf16,type_b=f32,m=1057,n=1,k=128,bs=[4,3],nr=[4,1],per=[0,2,1,3],k_v=0,o=1): [1;32mOK[0m
  MUL_MAT(type_a=bf16,type_b=f32,m=129,n=1,k=1056,bs=[4,3],nr=[4,1],per=[0,1,2,3],k_v=2112,o=1): [1;32mOK[0m
  MUL_MAT(type_a=f32,type_b=f32,m=1057,n=1,k=128,bs=[4,3],nr=[4,1],per=[0,2,1,3],k_v=0,o=1): [1;32mOK[0m
  MUL_MAT(type_a=f32,type_b=f32,m=129,n=1,k=1056,bs=[4,3],nr=[4,1],per=[0,1,2,3],k_v=2112,o=1): [1;32mOK[0m
  MUL_MAT(type_a=f16,type_b=f32,m=1057,n=1,k=129,bs=[4,3],nr=[4,1],per=[0,2,1,3],k_v=0,o=1): [1;32mOK[0m
  MUL_MAT(type_a=f16,type_b=f32,m=129,n=1,k=1057,bs=[4,3],nr=[4,1],per=[0,1,2,3],k_v=2113,o=1): [1;32mOK[0m
  MUL_MAT(type_a=bf16,type_b=f32,m=1057,n=1,k=129,bs=[4,3],nr=[4,1],per=[0,2,1,3],k_v=0,o=1): [1;32mOK[0m
  MUL_MAT(type_a=bf16,type_b=f32,m=129,n=1,k=1057,bs=[4,3],nr=[4,1],per=[0,1,2,3],k_v=2113,o=1): ggml_backend_cuda_graph_compute: CUDA graph warmup complete
[1;32mOK[0m
  MUL_MAT(type_a=f32,type_b=f32,m=1057,n=1,k=129,bs=[4,3],nr=[4,1],per=[0,2,1,3],k_v=0,o=1): ggml_backend_cuda_graph_compute: CUDA graph warmup reset
[1;32mOK[0m
  MUL_MAT(type_a=f32,type_b=f32,m=129,n=1,k=1057,bs=[4,3],nr=[4,1],per=[0,1,2,3],k_v=2113,o=1): [1;32mOK[0m
  MUL_MAT(type_a=f16,type_b=f32,m=1056,n=1,k=128,bs=[8,3],nr=[1,1],per=[0,2,1,3],k_v=0,o=1): [1;32mOK[0m
  MUL_MAT(type_a=f16,type_b=f32,m=128,n=1,k=1056,bs=[8,3],nr=[1,1],per=[0,1,2,3],k_v=2112,o=1): [1;32mOK[0m
  MUL_MAT(type_a=bf16,type_b=f32,m=1056,n=1,k=128,bs=[8,3],nr=[1,1],per=[0,2,1,3],k_v=0,o=1): [1;32mOK[0m
  MUL_MAT(type_a=bf16,type_b=f32,m=128,n=1,k=1056,bs=[8,3],nr=[1,1],per=[0,1,2,3],k_v=2112,o=1): [1;32mOK[0m
  MUL_MAT(type_a=f32,type_b=f32,m=1056,n=1,k=128,bs=[8,3],nr=[1,1],per=[0,2,1,3],k_v=0,o=1): [1;32mOK[0m
  MUL_MAT(type_a=f32,type_b=f32,m=128,n=1,k=1056,bs=[8,3],nr=[1,1],per=[0,1,2,3],k_v=2112,o=1): [1;32mOK[0m
  MUL_MAT(type_a=f16,type_b=f32,m=1056,n=1,k=129,bs=[8,3],nr=[1,1],per=[0,2,1,3],k_v=0,o=1): [1;32mOK[0m
  MUL_MAT(type_a=f16,type_b=f32,m=128,n=1,k=1057,bs=[8,3],nr=[1,1],per=[0,1,2,3],k_v=2113,o=1): [1;32mOK[0m
  MUL_MAT(type_a=bf16,type_b=f32,m=1056,n=1,k=129,bs=[8,3],nr=[1,1],per=[0,2,1,3],k_v=0,o=1): [1;32mOK[0m
  MUL_MAT(type_a=bf16,type_b=f32,m=128,n=1,k=1057,bs=[8,3],nr=[1,1],per=[0,1,2,3],k_v=2113,o=1): ggml_backend_cuda_graph_compute: CUDA graph warmup complete
[1;32mOK[0m
  MUL_MAT(type_a=f32,type_b=f32,m=1056,n=1,k=129,bs=[8,3],nr=[1,1],per=[0,2,1,3],k_v=0,o=1): ggml_backend_cuda_graph_compute: CUDA graph warmup reset
[1;32mOK[0m
  MUL_MAT(type_a=f32,type_b=f32,m=128,n=1,k=1057,bs=[8,3],nr=[1,1],per=[0,1,2,3],k_v=2113,o=1): [1;32mOK[0m
  MUL_MAT(type_a=f16,type_b=f32,m=1057,n=1,k=128,bs=[8,3],nr=[1,1],per=[0,2,1,3],k_v=0,o=1): [1;32mOK[0m
  MUL_MAT(type_a=f16,type_b=f32,m=129,n=1,k=1056,bs=[8,3],nr=[1,1],per=[0,1,2,3],k_v=2112,o=1): [1;32mOK[0m
  MUL_MAT(type_a=bf16,type_b=f32,m=1057,n=1,k=128,bs=[8,3],nr=[1,1],per=[0,2,1,3],k_v=0,o=1): [1;32mOK[0m
  MUL_MAT(type_a=bf16,type_b=f32,m=129,n=1,k=1056,bs=[8,3],nr=[1,1],per=[0,1,2,3],k_v=2112,o=1): [1;32mOK[0m
  MUL_MAT(type_a=f32,type_b=f32,m=1057,n=1,k=128,bs=[8,3],nr=[1,1],per=[0,2,1,3],k_v=0,o=1): [1;32mOK[0m
  MUL_MAT(type_a=f32,type_b=f32,m=129,n=1,k=1056,bs=[8,3],nr=[1,1],per=[0,1,2,3],k_v=2112,o=1): [1;32mOK[0m
  MUL_MAT(type_a=f16,type_b=f32,m=1057,n=1,k=129,bs=[8,3],nr=[1,1],per=[0,2,1,3],k_v=0,o=1): [1;32mOK[0m
  MUL_MAT(type_a=f16,type_b=f32,m=129,n=1,k=1057,bs=[8,3],nr=[1,1],per=[0,1,2,3],k_v=2113,o=1): [1;32mOK[0m
  MUL_MAT(type_a=bf16,type_b=f32,m=1057,n=1,k=129,bs=[8,3],nr=[1,1],per=[0,2,1,3],k_v=0,o=1): [1;32mOK[0m
  MUL_MAT(type_a=bf16,type_b=f32,m=129,n=1,k=1057,bs=[8,3],nr=[1,1],per=[0,1,2,3],k_v=2113,o=1): ggml_backend_cuda_graph_compute: CUDA graph warmup complete
[1;32mOK[0m
  MUL_MAT(type_a=f32,type_b=f32,m=1057,n=1,k=129,bs=[8,3],nr=[1,1],per=[0,2,1,3],k_v=0,o=1): ggml_backend_cuda_graph_compute: CUDA graph warmup reset
[1;32mOK[0m
  MUL_MAT(type_a=f32,type_b=f32,m=129,n=1,k=1057,bs=[8,3],nr=[1,1],per=[0,1,2,3],k_v=2113,o=1): [1;32mOK[0m
  MUL_MAT(type_a=f16,type_b=f32,m=1056,n=1,k=128,bs=[8,3],nr=[4,1],per=[0,2,1,3],k_v=0,o=1): [1;32mOK[0m
  MUL_MAT(type_a=f16,type_b=f32,m=128,n=1,k=1056,bs=[8,3],nr=[4,1],per=[0,1,2,3],k_v=2112,o=1): [1;32mOK[0m
  MUL_MAT(type_a=bf16,type_b=f32,m=1056,n=1,k=128,bs=[8,3],nr=[4,1],per=[0,2,1,3],k_v=0,o=1): [1;32mOK[0m
  MUL_MAT(type_a=bf16,type_b=f32,m=128,n=1,k=1056,bs=[8,3],nr=[4,1],per=[0,1,2,3],k_v=2112,o=1): [1;32mOK[0m
  MUL_MAT(type_a=f32,type_b=f32,m=1056,n=1,k=128,bs=[8,3],nr=[4,1],per=[0,2,1,3],k_v=0,o=1): [1;32mOK[0m
  MUL_MAT(type_a=f32,type_b=f32,m=128,n=1,k=1056,bs=[8,3],nr=[4,1],per=[0,1,2,3],k_v=2112,o=1): [1;32mOK[0m
  MUL_MAT(type_a=f16,type_b=f32,m=1056,n=1,k=129,bs=[8,3],nr=[4,1],per=[0,2,1,3],k_v=0,o=1): [1;32mOK[0m
  MUL_MAT(type_a=f16,type_b=f32,m=128,n=1,k=1057,bs=[8,3],nr=[4,1],per=[0,1,2,3],k_v=2113,o=1): [1;32mOK[0m
  MUL_MAT(type_a=bf16,type_b=f32,m=1056,n=1,k=129,bs=[8,3],nr=[4,1],per=[0,2,1,3],k_v=0,o=1): [1;32mOK[0m
  MUL_MAT(type_a=bf16,type_b=f32,m=128,n=1,k=1057,bs=[8,3],nr=[4,1],per=[0,1,2,3],k_v=2113,o=1): ggml_backend_cuda_graph_compute: CUDA graph warmup complete
[1;32mOK[0m
  MUL_MAT(type_a=f32,type_b=f32,m=1056,n=1,k=129,bs=[8,3],nr=[4,1],per=[0,2,1,3],k_v=0,o=1): ggml_backend_cuda_graph_compute: CUDA graph warmup reset
[1;32mOK[0m
  MUL_MAT(type_a=f32,type_b=f32,m=128,n=1,k=1057,bs=[8,3],nr=[4,1],per=[0,1,2,3],k_v=2113,o=1): [1;32mOK[0m
  MUL_MAT(type_a=f16,type_b=f32,m=1057,n=1,k=128,bs=[8,3],nr=[4,1],per=[0,2,1,3],k_v=0,o=1): [1;32mOK[0m
  MUL_MAT(type_a=f16,type_b=f32,m=129,n=1,k=1056,bs=[8,3],nr=[4,1],per=[0,1,2,3],k_v=2112,o=1): [1;32mOK[0m
  MUL_MAT(type_a=bf16,type_b=f32,m=1057,n=1,k=128,bs=[8,3],nr=[4,1],per=[0,2,1,3],k_v=0,o=1): [1;32mOK[0m
  MUL_MAT(type_a=bf16,type_b=f32,m=129,n=1,k=1056,bs=[8,3],nr=[4,1],per=[0,1,2,3],k_v=2112,o=1): [1;32mOK[0m
  MUL_MAT(type_a=f32,type_b=f32,m=1057,n=1,k=128,bs=[8,3],nr=[4,1],per=[0,2,1,3],k_v=0,o=1): [1;32mOK[0m
  MUL_MAT(type_a=f32,type_b=f32,m=129,n=1,k=1056,bs=[8,3],nr=[4,1],per=[0,1,2,3],k_v=2112,o=1): [1;32mOK[0m
  MUL_MAT(type_a=f16,type_b=f32,m=1057,n=1,k=129,bs=[8,3],nr=[4,1],per=[0,2,1,3],k_v=0,o=1): [1;32mOK[0m
  MUL_MAT(type_a=f16,type_b=f32,m=129,n=1,k=1057,bs=[8,3],nr=[4,1],per=[0,1,2,3],k_v=2113,o=1): [1;32mOK[0m
  MUL_MAT(type_a=bf16,type_b=f32,m=1057,n=1,k=129,bs=[8,3],nr=[4,1],per=[0,2,1,3],k_v=0,o=1): [1;32mOK[0m
  MUL_MAT(type_a=bf16,type_b=f32,m=129,n=1,k=1057,bs=[8,3],nr=[4,1],per=[0,1,2,3],k_v=2113,o=1): ggml_backend_cuda_graph_compute: CUDA graph warmup complete
[1;32mOK[0m
  MUL_MAT(type_a=f32,type_b=f32,m=1057,n=1,k=129,bs=[8,3],nr=[4,1],per=[0,2,1,3],k_v=0,o=1): ggml_backend_cuda_graph_compute: CUDA graph warmup reset
[1;32mOK[0m
  MUL_MAT(type_a=f32,type_b=f32,m=129,n=1,k=1057,bs=[8,3],nr=[4,1],per=[0,1,2,3],k_v=2113,o=1): [1;32mOK[0m
  1139/1139 tests passed
  Backend ROCm0: [1;32mOK[0m
Backend 2/2: CPU
  Skipping
2/2 backends passed
[1;32mOK[0m
