{
  "__bundle__": {
    "quality": 0.018728711331711407,
    "cost": -0.644538822822879,
    "latency": -0.10355733054529703,
    "manual": -0.10332358702969616
  }
}
