{
  "__bundle__": {
    "quality": 0.018606512931268037,
    "cost": -0.6069601853374782,
    "latency": 0.0016478517501521406,
    "manual": -0.08359933013764051
  }
}
