{
  "A": {
    "total_tasks": 100,
    "quality_pass_rate": 0.81,
    "cost_per_task": 2.36991984,
    "p95_task_latency": 7.138863,
    "manual_intervention_rate": 0.12
  },
  "B": {
    "total_tasks": 100,
    "quality_pass_rate": 0.89,
    "cost_per_task": 2.2350347000000004,
    "p95_task_latency": 7.585891,
    "manual_intervention_rate": 0.07
  },
  "deltas": {
    "delta_quality": 0.07999999999999996,
    "delta_cost": -0.056915486221677324,
    "delta_latency": 0.06261893525621663,
    "delta_manual_intervention": -0.04999999999999999
  }
}
