{
  "decision": "DROP",
  "reasons": [
    "quality non-inferiority failed in at least one environment"
  ],
  "combined_deltas": {
    "delta_quality": -0.040000000000000036,
    "delta_cost": 0.001580756405251754,
    "delta_latency": -0.014820925561497751,
    "delta_manual_intervention": 0.0050000000000000044
  }
}
