{
  "__bundle__": {
    "quality": 0.01272762067581865,
    "cost": -0.4708199093916561,
    "latency": -0.0767772450638261,
    "manual": -0.05925700093976364
  }
}
