{
  "__bundle__": {
    "quality": 0.02147551708073814,
    "cost": -0.6368075974796348,
    "latency": -0.07121994737875625,
    "manual": -0.11003001344260718
  }
}
