{
  "__bundle__": {
    "quality": 0.018015559087732592,
    "cost": -0.5517990564194524,
    "latency": 0.03747402438083647,
    "manual": -0.06752937207675608
  }
}
