{
  "environment": "claude-code",
  "A": {
    "total_tasks": 100,
    "quality_pass_rate": 0.87,
    "cost_per_task": 2.41621226,
    "p95_task_latency": 7.586876,
    "manual_intervention_rate": 0.09
  },
  "B": {
    "total_tasks": 100,
    "quality_pass_rate": 0.91,
    "cost_per_task": 2.1648240899999998,
    "p95_task_latency": 6.981707,
    "manual_intervention_rate": 0.07
  },
  "deltas": {
    "delta_quality": 0.040000000000000036,
    "delta_cost": -0.10404225413540458,
    "delta_latency": -0.07976524197838479,
    "delta_manual_intervention": -0.01999999999999999
  }
}
