{
  "environment": "codex",
  "A": {
    "total_tasks": 100,
    "quality_pass_rate": 0.88,
    "cost_per_task": 2.28956831,
    "p95_task_latency": 7.486044,
    "manual_intervention_rate": 0.04
  },
  "B": {
    "total_tasks": 100,
    "quality_pass_rate": 0.94,
    "cost_per_task": 2.04548,
    "p95_task_latency": 7.221347,
    "manual_intervention_rate": 0.05
  },
  "deltas": {
    "delta_quality": 0.05999999999999994,
    "delta_cost": -0.10660887859685653,
    "delta_latency": -0.03535872885598855,
    "delta_manual_intervention": 0.010000000000000002
  }
}
