{
  "__bundle__": {
    "quality": 0.011995830921011278,
    "cost": -0.5911393074829117,
    "latency": -0.08068911557855041,
    "manual": -0.08121325748922559
  }
}
