{
  "__bundle__": {
    "quality": 0.01601510294136182,
    "cost": -0.577111358046517,
    "latency": -0.07952968220137857,
    "manual": -0.09339767478664689
  }
}
