{
  "__bundle__": {
    "quality": 0.018523694533996292,
    "cost": -0.6226802479528586,
    "latency": 0.0025169397251445513,
    "manual": -0.087287401241181
  }
}
