{
  "__bundle__": {
    "quality": 0.016113692476823174,
    "cost": -0.6330101442983662,
    "latency": -0.10224377817109032,
    "manual": -0.09782249882370468
  }
}
