{
  "__bundle__": {
    "quality": 0.021259855680761643,
    "cost": -0.6417231555407304,
    "latency": -0.07495626293002977,
    "manual": -0.11226874971754454
  }
}
