{
  "__bundle__": {
    "quality": 0.01716113349667868,
    "cost": -0.6363770990644555,
    "latency": -0.11286348908457533,
    "manual": -0.09937586623696791
  }
}
