{
  "environment": "claude-code",
  "A": {
    "total_tasks": 6,
    "quality_pass_rate": 1.0,
    "cost_per_task": 2.0661651666666665,
    "p95_task_latency": 7.598073,
    "manual_intervention_rate": 0.0
  },
  "B": {
    "total_tasks": 6,
    "quality_pass_rate": 0.8333333333333334,
    "cost_per_task": 1.970059,
    "p95_task_latency": 7.041191,
    "manual_intervention_rate": 0.0
  },
  "deltas": {
    "delta_quality": -0.16666666666666663,
    "delta_cost": -0.04651427108400732,
    "delta_latency": -0.07329253088250137,
    "delta_manual_intervention": 0.0
  }
}
