{
  "environment": "codex",
  "A": {
    "total_tasks": 6,
    "quality_pass_rate": 0.8333333333333334,
    "cost_per_task": 1.9124753333333333,
    "p95_task_latency": 7.377,
    "manual_intervention_rate": 0.0
  },
  "B": {
    "total_tasks": 6,
    "quality_pass_rate": 1.0,
    "cost_per_task": 1.7805038333333334,
    "p95_task_latency": 6.884144,
    "manual_intervention_rate": 0.16666666666666666
  },
  "deltas": {
    "delta_quality": 0.16666666666666663,
    "delta_cost": -0.06900559588916698,
    "delta_latency": -0.06680981428765077,
    "delta_manual_intervention": 0.16666666666666666
  }
}
