{
  "A": {
    "total_tasks": 12,
    "quality_pass_rate": 0.6666666666666666,
    "cost_per_task": 2.00382175,
    "p95_task_latency": 7.528146,
    "manual_intervention_rate": 0.08333333333333333
  },
  "B": {
    "total_tasks": 12,
    "quality_pass_rate": 0.75,
    "cost_per_task": 1.7869889166666668,
    "p95_task_latency": 8.05823,
    "manual_intervention_rate": 0.0
  },
  "deltas": {
    "delta_quality": 0.08333333333333337,
    "delta_cost": -0.10820964156783573,
    "delta_latency": 0.0704136184393874,
    "delta_manual_intervention": -0.08333333333333333
  }
}
