{
  "environment": "codex",
  "A": {
    "total_tasks": 6,
    "quality_pass_rate": 0.6666666666666666,
    "cost_per_task": 1.9279206666666668,
    "p95_task_latency": 7.644256,
    "manual_intervention_rate": 0.0
  },
  "B": {
    "total_tasks": 6,
    "quality_pass_rate": 0.8333333333333334,
    "cost_per_task": 1.7452480000000001,
    "p95_task_latency": 7.922064,
    "manual_intervention_rate": 0.0
  },
  "deltas": {
    "delta_quality": 0.16666666666666674,
    "delta_cost": -0.09475113256734978,
    "delta_latency": 0.03634205866470189,
    "delta_manual_intervention": 0.0
  }
}
