{
  "environment": "claude-code",
  "A": {
    "total_tasks": 6,
    "quality_pass_rate": 0.6666666666666666,
    "cost_per_task": 2.0797228333333333,
    "p95_task_latency": 7.412036,
    "manual_intervention_rate": 0.16666666666666666
  },
  "B": {
    "total_tasks": 6,
    "quality_pass_rate": 0.6666666666666666,
    "cost_per_task": 1.8287298333333333,
    "p95_task_latency": 8.194396,
    "manual_intervention_rate": 0.0
  },
  "deltas": {
    "delta_quality": 0.0,
    "delta_cost": -0.12068579330723318,
    "delta_latency": 0.10555264437463603,
    "delta_manual_intervention": -0.16666666666666666
  }
}
