{
  "__bundle__": {
    "quality": 0.019456026294514223,
    "cost": -0.6542396653832603,
    "latency": -0.09714958309419086,
    "manual": -0.10966679386398498
  }
}
