{
  "__bundle__": {
    "quality": 0.01856093475626335,
    "cost": -0.6752167772841571,
    "latency": -0.1090057055163054,
    "manual": -0.10679497567722544
  }
}
