{
  "__bundle__": {
    "quality": 0.021383049735096415,
    "cost": -0.6378368144825644,
    "latency": -0.07659371794722025,
    "manual": -0.11089843601034016
  }
}
