{
  "__bundle__": {
    "quality": 0.016384943312449038,
    "cost": -0.6357345493987252,
    "latency": -0.11110939519827889,
    "manual": -0.09913265758646653
  }
}
