{
  "__bundle__": {
    "quality": 0.01713791723504354,
    "cost": -0.617766366915008,
    "latency": -0.09833434566339527,
    "manual": -0.10253559238775128
  }
}
