{
  "__bundle__": {
    "quality": 0.023431291850222056,
    "cost": -0.6062294100181432,
    "latency": -0.06672940913410796,
    "manual": -0.13230202691460477
  }
}
