{
  "A": {
    "total_tasks": 100,
    "quality_pass_rate": 0.87,
    "cost_per_task": 2.3657288100000002,
    "p95_task_latency": 7.512168,
    "manual_intervention_rate": 0.07
  },
  "B": {
    "total_tasks": 100,
    "quality_pass_rate": 0.87,
    "cost_per_task": 2.07390374,
    "p95_task_latency": 7.701499999999999,
    "manual_intervention_rate": 0.02
  },
  "deltas": {
    "delta_quality": 0.0,
    "delta_cost": -0.123355250511575,
    "delta_latency": 0.025203376708295047,
    "delta_manual_intervention": -0.05
  }
}
