{
  "__bundle__": {
    "quality": 0.015178822446801804,
    "cost": -0.6285224221839953,
    "latency": -0.1369754826965307,
    "manual": -0.09595367144391093
  }
}
