{
  "__bundle__": {
    "quality": 0.01810331944698431,
    "cost": -0.6184572991799662,
    "latency": -0.07353041734297705,
    "manual": -0.11141364346129488
  }
}
