{
  "__bundle__": {
    "quality": 0.015534729326428789,
    "cost": -0.512698179966658,
    "latency": -0.01644802029697756,
    "manual": -0.09632179580990226
  }
}
