{
  "__bundle__": {
    "quality": 0.017933143687842962,
    "cost": -0.6719379320139207,
    "latency": -0.1102981400554216,
    "manual": -0.10444531465930858
  }
}
