{
  "__bundle__": {
    "quality": 0.011077025811458564,
    "cost": -0.5627128283125623,
    "latency": -0.10937445896510012,
    "manual": -0.09123286447609824
  }
}
