{
  "__bundle__": {
    "quality": 0.015460133489081698,
    "cost": -0.6078293546124887,
    "latency": -0.086993910706751,
    "manual": -0.09859378051350123
  }
}
