{
  "A": {
    "total_tasks": 100,
    "quality_pass_rate": 0.92,
    "cost_per_task": 2.3655163600000004,
    "p95_task_latency": 7.574491,
    "manual_intervention_rate": 0.07
  },
  "B": {
    "total_tasks": 100,
    "quality_pass_rate": 0.84,
    "cost_per_task": 2.17934892,
    "p95_task_latency": 7.2519415,
    "manual_intervention_rate": 0.12
  },
  "deltas": {
    "delta_quality": -0.08000000000000007,
    "delta_cost": -0.07870055060621124,
    "delta_latency": -0.042583653475857325,
    "delta_manual_intervention": 0.04999999999999999
  }
}
