{
  "__bundle__": {
    "quality": 0.013151554949630849,
    "cost": -0.5866139272624684,
    "latency": -0.03803747025150994,
    "manual": -0.0798030909779676
  }
}
