{
  "__bundle__": {
    "quality": 0.006913851504884996,
    "cost": -0.4745387421342371,
    "latency": -0.04913383113005365,
    "manual": -0.07523713390676226
  }
}
