{
  "__bundle__": {
    "quality": 0.01915741839747548,
    "cost": -0.655429619165566,
    "latency": -0.09938121249520704,
    "manual": -0.1091828084614133
  }
}
