{
  "__bundle__": {
    "quality": 0.020959238630117734,
    "cost": -0.6384206876058671,
    "latency": -0.08252991174076463,
    "manual": -0.11144115635943956
  }
}
