{
  "__bundle__": {
    "quality": 0.01895239623839139,
    "cost": -0.6022642539412992,
    "latency": -0.005945260163567001,
    "manual": -0.10618424187232955
  }
}
