{
  "__bundle__": {
    "quality": 0.022694455063506747,
    "cost": -0.5989902981708066,
    "latency": -0.14068548396570868,
    "manual": -0.11781564667315444
  }
}
