{
  "__bundle__": {
    "quality": 0.015248939485383898,
    "cost": -0.5867903299817375,
    "latency": -0.07936199124182608,
    "manual": -0.08788067441519577
  }
}
