{
  "__bundle__": {
    "quality": 0.019165802277231185,
    "cost": -0.66059222021128,
    "latency": -0.09568134339398804,
    "manual": -0.10855652921059579
  }
}
