{
  "__bundle__": {
    "quality": 0.019656572550421216,
    "cost": -0.6491110678910543,
    "latency": -0.0937586575763516,
    "manual": -0.10839928103901092
  }
}
