{
  "__bundle__": {
    "quality": 0.0206230547863813,
    "cost": -0.6448291644969465,
    "latency": -0.08694623348823316,
    "manual": -0.10910733882256793
  }
}
