{
  "__bundle__": {
    "quality": 0.016874468754514538,
    "cost": -0.63904599572825,
    "latency": -0.10879105450322946,
    "manual": -0.10282263820902665
  }
}
