{
  "environment": "codex",
  "A": {
    "total_tasks": 6,
    "quality_pass_rate": 0.8333333333333334,
    "cost_per_task": 1.9398298333333335,
    "p95_task_latency": 7.28065,
    "manual_intervention_rate": 0.16666666666666666
  },
  "B": {
    "total_tasks": 6,
    "quality_pass_rate": 1.0,
    "cost_per_task": 1.7892706666666667,
    "p95_task_latency": 7.479786,
    "manual_intervention_rate": 0.16666666666666666
  },
  "deltas": {
    "delta_quality": 0.16666666666666663,
    "delta_cost": -0.07761462581898299,
    "delta_latency": 0.027351404064197594,
    "delta_manual_intervention": 0.0
  }
}
