{
  "A": {
    "total_tasks": 12,
    "quality_pass_rate": 0.75,
    "cost_per_task": 1.9866720000000004,
    "p95_task_latency": 7.597983999999999,
    "manual_intervention_rate": 0.08333333333333333
  },
  "B": {
    "total_tasks": 12,
    "quality_pass_rate": 1.0,
    "cost_per_task": 1.8532053333333334,
    "p95_task_latency": 7.259393499999999,
    "manual_intervention_rate": 0.08333333333333333
  },
  "deltas": {
    "delta_quality": 0.25,
    "delta_cost": -0.06718102770193925,
    "delta_latency": -0.044563202554783014,
    "delta_manual_intervention": 0.0
  }
}
