{
  "__bundle__": {
    "quality": 0.009500986847444617,
    "cost": -0.6007616444246734,
    "latency": -0.12185496107888616,
    "manual": -0.07254916547684938
  }
}
