{
  "A": {
    "total_tasks": 100,
    "quality_pass_rate": 0.97,
    "cost_per_task": 2.0041926599999997,
    "p95_task_latency": 8.0627835,
    "manual_intervention_rate": 0.12
  },
  "B": {
    "total_tasks": 100,
    "quality_pass_rate": 0.88,
    "cost_per_task": 1.92456253,
    "p95_task_latency": 8.0385875,
    "manual_intervention_rate": 0.06
  },
  "deltas": {
    "delta_quality": -0.08999999999999997,
    "delta_cost": -0.039731774090021744,
    "delta_latency": -0.0030009487418333736,
    "delta_manual_intervention": -0.06
  }
}
