{
  "__bundle__": {
    "quality": 0.0187949256351774,
    "cost": -0.6413322751055239,
    "latency": -0.11138494529039822,
    "manual": -0.10197338475340377
  }
}
