{
  "__bundle__": {
    "quality": 0.020977949899094343,
    "cost": -0.5745954736012877,
    "latency": -0.1789265617993121,
    "manual": -0.10193244136888165
  }
}
