{
  "__bundle__": {
    "quality": 0.01840777448980599,
    "cost": -0.5757945772127605,
    "latency": -0.05322418068838608,
    "manual": -0.11009382018009083
  }
}
