{
  "__bundle__": {
    "quality": 0.020986478125464524,
    "cost": -0.6549250561220216,
    "latency": -0.07582153702963357,
    "manual": -0.11295886976863256
  }
}
