{
  "__bundle__": {
    "quality": 0.011944175180388412,
    "cost": -0.5878537265343751,
    "latency": -0.07992320235706829,
    "manual": -0.08163166159806666
  }
}
