{
  "__bundle__": {
    "quality": 0.017497362940924497,
    "cost": -0.6150757127891279,
    "latency": -0.06100963778002322,
    "manual": -0.08271013357168346
  }
}
