{
  "__bundle__": {
    "quality": 0.012887864934860693,
    "cost": -0.6601307387030049,
    "latency": -0.11968162700544638,
    "manual": -0.09099167511290898
  }
}
