{
  "__bundle__": {
    "quality": 0.014799963581223985,
    "cost": -0.6400205259803895,
    "latency": -0.1148246787338747,
    "manual": -0.10228880711435866
  }
}
