{
  "environment": "claude-code",
  "A": {
    "total_tasks": 100,
    "quality_pass_rate": 0.88,
    "cost_per_task": 2.43227451,
    "p95_task_latency": 6.916362,
    "manual_intervention_rate": 0.07
  },
  "B": {
    "total_tasks": 100,
    "quality_pass_rate": 0.92,
    "cost_per_task": 2.35461681,
    "p95_task_latency": 7.335714,
    "manual_intervention_rate": 0.06
  },
  "deltas": {
    "delta_quality": 0.040000000000000036,
    "delta_cost": -0.03192801621721557,
    "delta_latency": 0.06063187554381912,
    "delta_manual_intervention": -0.010000000000000009
  }
}
