{
  "__bundle__": {
    "quality": 0.008421802344422889,
    "cost": -0.4215699594898199,
    "latency": -0.05825894561787626,
    "manual": -0.024832150808166753
  }
}
