{
  "__bundle__": {
    "quality": 0.01744537737036085,
    "cost": -0.6060051833498761,
    "latency": -0.02148388103667176,
    "manual": -0.10026776814713002
  }
}
