{
  "__bundle__": {
    "quality": 0.013023641768155075,
    "cost": -0.5483769939068537,
    "latency": -0.004919843979240057,
    "manual": -0.052010226771507774
  }
}
