{
  "__bundle__": {
    "quality": 0.019448264123979847,
    "cost": -0.6354713027939737,
    "latency": -0.10142579967589438,
    "manual": -0.10582607898991565
  }
}
