{
  "__bundle__": {
    "quality": 0.019591215371570908,
    "cost": -0.6454555993047298,
    "latency": -0.07111230405504165,
    "manual": -0.10581779113558426
  }
}
