{
  "__bundle__": {
    "quality": 0.01723578209154913,
    "cost": -0.6744779986164007,
    "latency": -0.11363001531141081,
    "manual": -0.10298135078595778
  }
}
