{
  "__bundle__": {
    "quality": 0.019514385523579522,
    "cost": -0.6569331510955083,
    "latency": -0.0976332786013051,
    "manual": -0.1109453511139179
  }
}
