{
  "__bundle__": {
    "quality": 0.017480129609765815,
    "cost": -0.6700438833894485,
    "latency": -0.11215705184127078,
    "manual": -0.10361688536026685
  }
}
