{
  "__bundle__": {
    "quality": 0.017966989741012976,
    "cost": -0.6543129285142931,
    "latency": -0.08112333344055545,
    "manual": -0.10697138506900453
  }
}
