{
  "__bundle__": {
    "quality": 0.015948197027212452,
    "cost": -0.6311129526584721,
    "latency": -0.10869137328277967,
    "manual": -0.0962019990022363
  }
}
