{
  "__bundle__": {
    "quality": 0.01676395355929508,
    "cost": -0.635084672437636,
    "latency": -0.11523106713014608,
    "manual": -0.10179954441860563
  }
}
