{
  "__bundle__": {
    "quality": 0.018009829165882917,
    "cost": -0.6444036879782226,
    "latency": -0.09511494967863532,
    "manual": -0.10646014928171546
  }
}
