{
  "__bundle__": {
    "quality": 0.02007982440780199,
    "cost": -0.6378179710946181,
    "latency": -0.07102545284274686,
    "manual": -0.10833671729475941
  }
}
