{
  "__bundle__": {
    "quality": 0.016399636630109585,
    "cost": -0.6366910439872787,
    "latency": -0.15371783491417135,
    "manual": -0.0937094408489323
  }
}
