{
  "__bundle__": {
    "quality": 0.01974739667690798,
    "cost": -0.6375122504438646,
    "latency": -0.10304960398802365,
    "manual": -0.10496664255712465
  }
}
