{
  "__bundle__": {
    "quality": 0.012792033884063473,
    "cost": -0.40390090654889965,
    "latency": 0.018442732494059033,
    "manual": -0.05236181397728714
  }
}
