{
  "__bundle__": {
    "quality": 0.019737329050613695,
    "cost": -0.6292635975386696,
    "latency": -0.10600282926960769,
    "manual": -0.1043756474641519
  }
}
