{
  "__bundle__": {
    "quality": 0.00852020514081093,
    "cost": -0.6153044665503249,
    "latency": -0.09278122816175172,
    "manual": -0.054979278070452095
  }
}
