{
  "__bundle__": {
    "quality": 0.013559605654037566,
    "cost": -0.43899589064461986,
    "latency": -0.16101771320151725,
    "manual": -0.08680700540114292
  }
}
