{
  "__bundle__": {
    "quality": 0.01627600638834843,
    "cost": -0.6280905081709888,
    "latency": -0.10633690350131664,
    "manual": -0.1000272426430677
  }
}
