{
  "__bundle__": {
    "quality": 0.017346299140160205,
    "cost": -0.6002416433172504,
    "latency": -0.12929564343179623,
    "manual": -0.09266082064099593
  }
}
