{
  "study_name": "claude_live_ab_20260223_131106",
  "environment": "claude-code-live",
  "seed": 42,
  "tasks_per_arm": 12,
  "workload_pack": "/mnt/raid0/llm/claude/benchmarks/root_workload/workload_pack_curated_debug_hard100_v1.json",
  "optimization_ids": [
    "0.1",
    "0.2",
    "0.3",
    "0.4",
    "0.5",
    "0.6",
    "10.7.1",
    "10.7.2",
    "10.7.3",
    "10.7.4",
    "10.7.5",
    "10.7.6",
    "10.7.7",
    "10.7.8",
    "10.7.9",
    "10.7.10"
  ],
  "scale_bounds": {
    "min": 0.5,
    "max": 1.5
  },
  "resample_mode": "trial_seeded",
  "resample_folds": 5,
  "timeout_s": 90,
  "max_budget_usd": 0.0,
  "best_trial": {
    "number": 2,
    "value": 7.4413698042352,
    "params": {
      "enable__0.1": true,
      "scale__0.1": 0.5740446517340904,
      "enable__0.2": false,
      "enable__0.3": false,
      "enable__0.4": false,
      "enable__0.5": true,
      "scale__0.5": 1.229606178338064,
      "enable__0.6": true,
      "scale__0.6": 0.9722149251619493,
      "enable__10.7.1": true,
      "scale__10.7.1": 1.2607850486168974,
      "enable__10.7.2": true,
      "scale__10.7.2": 0.9937955963643907,
      "enable__10.7.3": false,
      "enable__10.7.4": true,
      "scale__10.7.4": 0.5314291856867343,
      "enable__10.7.5": false,
      "enable__10.7.6": true,
      "scale__10.7.6": 0.7492922291488749,
      "enable__10.7.7": true,
      "scale__10.7.7": 0.7287981654916225,
      "enable__10.7.8": true,
      "scale__10.7.8": 0.6612212872540044,
      "enable__10.7.9": false,
      "enable__10.7.10": true,
      "scale__10.7.10": 1.3036720768991144
    },
    "user_attrs": {
      "trial_seed": 44,
      "effect": {
        "quality": 0.012792033884063473,
        "cost": -0.40390090654889965,
        "latency": 0.018442732494059033,
        "manual": -0.05236181397728714
      },
      "enabled": {
        "0.1": true,
        "0.2": false,
        "0.3": false,
        "0.4": false,
        "0.5": true,
        "0.6": true,
        "10.7.1": true,
        "10.7.2": true,
        "10.7.3": false,
        "10.7.4": true,
        "10.7.5": false,
        "10.7.6": true,
        "10.7.7": true,
        "10.7.8": true,
        "10.7.9": false,
        "10.7.10": true
      },
      "scales": {
        "0.1": 0.5740446517340904,
        "0.5": 1.229606178338064,
        "0.6": 0.9722149251619493,
        "10.7.1": 1.2607850486168974,
        "10.7.2": 0.9937955963643907,
        "10.7.4": 0.5314291856867343,
        "10.7.6": 0.7492922291488749,
        "10.7.7": 0.7287981654916225,
        "10.7.8": 0.6612212872540044,
        "10.7.10": 1.3036720768991144
      },
      "delta_quality": 0.0,
      "delta_cost": -0.07320131262164846,
      "delta_latency": -0.1219716418774517,
      "delta_manual_intervention": 0.0,
      "feasible": true,
      "trial_dir": "/mnt/raid0/llm/claude/benchmarks/root_workload/ab_tuning_live/claude_live_optuna_20260223_131106/trial_0002"
    }
  },
  "top_trials": [
    {
      "number": 2,
      "value": 7.4413698042352,
      "params": {
        "enable__0.1": true,
        "scale__0.1": 0.5740446517340904,
        "enable__0.2": false,
        "enable__0.3": false,
        "enable__0.4": false,
        "enable__0.5": true,
        "scale__0.5": 1.229606178338064,
        "enable__0.6": true,
        "scale__0.6": 0.9722149251619493,
        "enable__10.7.1": true,
        "scale__10.7.1": 1.2607850486168974,
        "enable__10.7.2": true,
        "scale__10.7.2": 0.9937955963643907,
        "enable__10.7.3": false,
        "enable__10.7.4": true,
        "scale__10.7.4": 0.5314291856867343,
        "enable__10.7.5": false,
        "enable__10.7.6": true,
        "scale__10.7.6": 0.7492922291488749,
        "enable__10.7.7": true,
        "scale__10.7.7": 0.7287981654916225,
        "enable__10.7.8": true,
        "scale__10.7.8": 0.6612212872540044,
        "enable__10.7.9": false,
        "enable__10.7.10": true,
        "scale__10.7.10": 1.3036720768991144
      },
      "user_attrs": {
        "trial_seed": 44,
        "effect": {
          "quality": 0.012792033884063473,
          "cost": -0.40390090654889965,
          "latency": 0.018442732494059033,
          "manual": -0.05236181397728714
        },
        "enabled": {
          "0.1": true,
          "0.2": false,
          "0.3": false,
          "0.4": false,
          "0.5": true,
          "0.6": true,
          "10.7.1": true,
          "10.7.2": true,
          "10.7.3": false,
          "10.7.4": true,
          "10.7.5": false,
          "10.7.6": true,
          "10.7.7": true,
          "10.7.8": true,
          "10.7.9": false,
          "10.7.10": true
        },
        "scales": {
          "0.1": 0.5740446517340904,
          "0.5": 1.229606178338064,
          "0.6": 0.9722149251619493,
          "10.7.1": 1.2607850486168974,
          "10.7.2": 0.9937955963643907,
          "10.7.4": 0.5314291856867343,
          "10.7.6": 0.7492922291488749,
          "10.7.7": 0.7287981654916225,
          "10.7.8": 0.6612212872540044,
          "10.7.10": 1.3036720768991144
        },
        "delta_quality": 0.0,
        "delta_cost": -0.07320131262164846,
        "delta_latency": -0.1219716418774517,
        "delta_manual_intervention": 0.0,
        "feasible": true,
        "trial_dir": "/mnt/raid0/llm/claude/benchmarks/root_workload/ab_tuning_live/claude_live_optuna_20260223_131106/trial_0002"
      }
    },
    {
      "number": 0,
      "value": -0.9654879496396619,
      "params": {
        "enable__0.1": true,
        "scale__0.1": 1.231993941811405,
        "enable__0.2": false,
        "enable__0.3": false,
        "enable__0.4": false,
        "enable__0.5": false,
        "enable__0.6": false,
        "enable__10.7.1": false,
        "enable__10.7.2": true,
        "scale__10.7.2": 1.024756431632238,
        "enable__10.7.3": false,
        "enable__10.7.4": false,
        "enable__10.7.5": true,
        "scale__10.7.5": 0.9560699842170359,
        "enable__10.7.6": false,
        "enable__10.7.7": true,
        "scale__10.7.7": 0.5464504127199977,
        "enable__10.7.8": false,
        "enable__10.7.9": true,
        "scale__10.7.9": 1.4656320330745594,
        "enable__10.7.10": false
      },
      "user_attrs": {
        "trial_seed": 42,
        "effect": {
          "quality": 0.011139026416929614,
          "cost": -0.26140940080619457,
          "latency": -0.0013410844950254575,
          "manual": -0.04778394868095724
        },
        "enabled": {
          "0.1": true,
          "0.2": false,
          "0.3": false,
          "0.4": false,
          "0.5": false,
          "0.6": false,
          "10.7.1": false,
          "10.7.2": true,
          "10.7.3": false,
          "10.7.4": false,
          "10.7.5": true,
          "10.7.6": false,
          "10.7.7": true,
          "10.7.8": false,
          "10.7.9": true,
          "10.7.10": false
        },
        "scales": {
          "0.1": 1.231993941811405,
          "10.7.2": 1.024756431632238,
          "10.7.5": 0.9560699842170359,
          "10.7.7": 0.5464504127199977,
          "10.7.9": 1.4656320330745594
        },
        "delta_quality": 0.0,
        "delta_cost": -0.013772268631200204,
        "delta_latency": 0.07167296270046697,
        "delta_manual_intervention": 0.0,
        "feasible": true,
        "trial_dir": "/mnt/raid0/llm/claude/benchmarks/root_workload/ab_tuning_live/claude_live_optuna_20260223_131106/trial_0000"
      }
    },
    {
      "number": 1,
      "value": -3.2616932879042477,
      "params": {
        "enable__0.1": true,
        "scale__0.1": 0.9401524937396013,
        "enable__0.2": true,
        "scale__0.2": 0.5343885211152184,
        "enable__0.3": false,
        "enable__0.4": false,
        "enable__0.5": true,
        "scale__0.5": 0.684854455525527,
        "enable__0.6": false,
        "enable__10.7.1": false,
        "enable__10.7.2": true,
        "scale__10.7.2": 0.5884925020519195,