{
  "__bundle__": {
    "quality": 0.015468293916512471,
    "cost": -0.6235207876183275,
    "latency": -0.08320455408488558,
    "manual": -0.09812277166900879
  }
}
