{
  "A": {
    "total_tasks": 100,
    "quality_pass_rate": 0.9,
    "cost_per_task": 2.3695125000000004,
    "p95_task_latency": 7.718458000000001,
    "manual_intervention_rate": 0.07
  },
  "B": {
    "total_tasks": 100,
    "quality_pass_rate": 0.86,
    "cost_per_task": 2.20466852,
    "p95_task_latency": 7.541139499999999,
    "manual_intervention_rate": 0.09
  },
  "deltas": {
    "delta_quality": -0.040000000000000036,
    "delta_cost": -0.06956873196490862,
    "delta_latency": -0.02297330632621204,
    "delta_manual_intervention": 0.01999999999999999
  }
}
