{
  "__bundle__": {
    "quality": 0.013384895265077372,
    "cost": -0.5795114562387247,
    "latency": -0.09775933180692187,
    "manual": -0.0770588112472268
  }
}
