{
  "__bundle__": {
    "quality": 0.015863961524549927,
    "cost": -0.637654016401367,
    "latency": -0.08134251091279232,
    "manual": -0.10358718089152047
  }
}
