{
  "__bundle__": {
    "quality": 0.014876821478601464,
    "cost": -0.5763633295231736,
    "latency": -0.11567778711901078,
    "manual": -0.09009625057826036
  }
}
