{
  "__bundle__": {
    "quality": 0.01980248689413651,
    "cost": -0.642098790148869,
    "latency": -0.10298356265467823,
    "manual": -0.1062857631874902
  }
}
