{
  "__bundle__": {
    "quality": 0.012360291329121998,
    "cost": -0.5931952594690139,
    "latency": -0.10234638818478348,
    "manual": -0.0853835371367267
  }
}
