{
  "__bundle__": {
    "quality": 0.015581888730420462,
    "cost": -0.6120871424027132,
    "latency": -0.026641159420664695,
    "manual": -0.07473443109364662
  }
}
