{
  "__bundle__": {
    "quality": 0.01740712868647409,
    "cost": -0.5789687362768845,
    "latency": -0.11828143726396889,
    "manual": -0.08991965905782709
  }
}
