{
  "__bundle__": {
    "quality": 0.02030096529074694,
    "cost": -0.640734462534484,
    "latency": -0.06602472636764678,
    "manual": -0.10323583212200926
  }
}
