{
  "environment": "codex",
  "A": {
    "total_tasks": 6,
    "quality_pass_rate": 0.8333333333333334,
    "cost_per_task": 1.9503130000000002,
    "p95_task_latency": 7.790005,
    "manual_intervention_rate": 0.0
  },
  "B": {
    "total_tasks": 6,
    "quality_pass_rate": 1.0,
    "cost_per_task": 1.8745041666666669,
    "p95_task_latency": 7.282582,
    "manual_intervention_rate": 0.0
  },
  "deltas": {
    "delta_quality": 0.16666666666666663,
    "delta_cost": -0.038870085639245246,
    "delta_latency": -0.06513769888466056,
    "delta_manual_intervention": 0.0
  }
}
