{
  "__bundle__": {
    "quality": 0.020733649349734738,
    "cost": -0.6440776108056707,
    "latency": -0.07233029230750043,
    "manual": -0.11074938773681248
  }
}
