{
  "__bundle__": {
    "quality": 0.012220444312421997,
    "cost": -0.5932386334976681,
    "latency": -0.09338510239049891,
    "manual": -0.08404036872893607
  }
}
