{
  "__bundle__": {
    "quality": 0.02397618137059508,
    "cost": -0.6182102617922651,
    "latency": -0.11147392962916214,
    "manual": -0.12308723016630155
  }
}
