{
  "__bundle__": {
    "quality": 0.018950753373647766,
    "cost": -0.5685153818060191,
    "latency": 0.038933541543122896,
    "manual": -0.07758660802727228
  }
}
