{
  "__bundle__": {
    "quality": 0.014233601168170597,
    "cost": -0.4724013396834229,
    "latency": 0.06354229596407923,
    "manual": -0.059992738570270585
  }
}
