{
  "__bundle__": {
    "quality": 0.021083652385380645,
    "cost": -0.6475969141560609,
    "latency": -0.07152741813478836,
    "manual": -0.11178821355875541
  }
}
