{
  "__bundle__": {
    "quality": 0.016164585266728565,
    "cost": -0.6349195717155223,
    "latency": -0.10322653689300643,
    "manual": -0.1002822486773676
  }
}
