{
  "__bundle__": {
    "quality": 0.012718611338882893,
    "cost": -0.6037228142471215,
    "latency": -0.0917717644541981,
    "manual": -0.09069707313978281
  }
}
