{
  "__bundle__": {
    "quality": 0.02060638245944235,
    "cost": -0.6604918420726472,
    "latency": -0.07623548605699004,
    "manual": -0.11160083714508826
  }
}
