{
  "__bundle__": {
    "quality": 0.014796453514067288,
    "cost": -0.6295540479449425,
    "latency": -0.03383156770221374,
    "manual": -0.07419056788195856
  }
}
