{
  "__bundle__": {
    "quality": 0.017079694650433935,
    "cost": -0.623723526616815,
    "latency": -0.10441773813333544,
    "manual": -0.089646205241539
  }
}
