{
  "__bundle__": {
    "quality": 0.017515365222146854,
    "cost": -0.6375671600072752,
    "latency": -0.11080231372317495,
    "manual": -0.09964342696153763
  }
}
