{
  "__bundle__": {
    "quality": 0.016441751547340032,
    "cost": -0.6265998306311632,
    "latency": -0.09997909787628045,
    "manual": -0.09858406927073098
  }
}
