{
  "__bundle__": {
    "quality": 0.019458558352465904,
    "cost": -0.6404027202697478,
    "latency": -0.09672208380693448,
    "manual": -0.10507121011011553
  }
}
