{
  "__bundle__": {
    "quality": 0.018593135654240266,
    "cost": -0.6707379266837499,
    "latency": -0.10687682602624682,
    "manual": -0.10694976703244942
  }
}
