{
  "A": {
    "total_tasks": 12,
    "quality_pass_rate": 1.0,
    "cost_per_task": 2.0079724166666666,
    "p95_task_latency": 7.378964000000001,
    "manual_intervention_rate": 0.0
  },
  "B": {
    "total_tasks": 12,
    "quality_pass_rate": 1.0,
    "cost_per_task": 1.9729098333333333,
    "p95_task_latency": 7.531605,
    "manual_intervention_rate": 0.16666666666666666
  },
  "deltas": {
    "delta_quality": 0.0,
    "delta_cost": -0.017461685749418292,
    "delta_latency": 0.020685966214227244,
    "delta_manual_intervention": 0.16666666666666666
  }
}
