{
  "__bundle__": {
    "quality": 0.017901229205481338,
    "cost": -0.6734133535206941,
    "latency": -0.11080245844105607,
    "manual": -0.10444824633269542
  }
}
