{
  "__bundle__": {
    "quality": 0.019020709337979766,
    "cost": -0.6397716335338999,
    "latency": -0.09710851915685226,
    "manual": -0.1038253585335134
  }
}
