{
  "__bundle__": {
    "quality": 0.01762334170893207,
    "cost": -0.6276735542052456,
    "latency": -0.10707973432266005,
    "manual": -0.09111548057163703
  }
}
