{
  "__bundle__": {
    "quality": 0.01458252122083855,
    "cost": -0.6318473997226486,
    "latency": -0.02771755743775428,
    "manual": -0.07527775202491147
  }
}
