{
  "A": {
    "total_tasks": 100,
    "quality_pass_rate": 0.91,
    "cost_per_task": 2.3692974600000003,
    "p95_task_latency": 7.2653870000000005,
    "manual_intervention_rate": 0.11
  },
  "B": {
    "total_tasks": 100,
    "quality_pass_rate": 0.93,
    "cost_per_task": 2.3429397599999997,
    "p95_task_latency": 7.753263,
    "manual_intervention_rate": 0.07
  },
  "deltas": {
    "delta_quality": 0.020000000000000018,
    "delta_cost": -0.011124690101174797,
    "delta_latency": 0.06715072438673936,
    "delta_manual_intervention": -0.039999999999999994
  }
}
