{
  "__bundle__": {
    "quality": 0.017843328637710713,
    "cost": -0.5788396988432638,
    "latency": -0.002294919839707754,
    "manual": -0.08691101339430346
  }
}
