{
  "__bundle__": {
    "quality": 0.01738763897260548,
    "cost": -0.6691038624655532,
    "latency": -0.1126969952907324,
    "manual": -0.10345467109901237
  }
}
