{
  "__bundle__": {
    "quality": 0.017032228968846604,
    "cost": -0.6229446427753302,
    "latency": -0.10489377303447023,
    "manual": -0.10149780678843279
  }
}
