{
  "__bundle__": {
    "quality": 0.013247735496416085,
    "cost": -0.36728346484472074,
    "latency": -0.016933247910692617,
    "manual": -0.06521993151542901
  }
}
