{
  "__bundle__": {
    "quality": 0.020656142108304486,
    "cost": -0.6453963884552699,
    "latency": -0.07358029891358708,
    "manual": -0.11039855553374589
  }
}
