{
  "environment": "claude-code",
  "A": {
    "total_tasks": 50,
    "quality_pass_rate": 0.78,
    "cost_per_task": 2.4397669200000003,
    "p95_task_latency": 7.709315,
    "manual_intervention_rate": 0.08
  },
  "B": {
    "total_tasks": 50,
    "quality_pass_rate": 0.86,
    "cost_per_task": 2.17342952,
    "p95_task_latency": 6.981707,
    "manual_intervention_rate": 0.1
  },
  "deltas": {
    "delta_quality": 0.07999999999999996,
    "delta_cost": -0.10916510008259324,
    "delta_latency": -0.0943803697215641,
    "delta_manual_intervention": 0.020000000000000004
  }
}
