{
  "__bundle__": {
    "quality": 0.017877801059517053,
    "cost": -0.6691091064415771,
    "latency": -0.11093014393436906,
    "manual": -0.10427629039824751
  }
}
