{
  "__bundle__": {
    "quality": 0.01220029483089069,
    "cost": -0.5812615968105442,
    "latency": -0.07819402185127733,
    "manual": -0.08548889164823208
  }
}
