{
  "__bundle__": {
    "quality": 0.01818372186485705,
    "cost": -0.6707939349496068,
    "latency": -0.10984914376118171,
    "manual": -0.1052687706678045
  }
}
