{
  "__bundle__": {
    "quality": 0.0067130966885335895,
    "cost": -0.4537731338200076,
    "latency": -0.0603064466333848,
    "manual": -0.041853124649523454
  }
}
