{
  "__bundle__": {
    "quality": 0.017488105094069513,
    "cost": -0.6229221764362387,
    "latency": -0.12980749892486587,
    "manual": -0.09126796014477269
  }
}
