{
  "decision": "KEEP",
  "reasons": [
    "quality non-inferior in both environments with cost improvement/neutrality"
  ],
  "combined_deltas": {
    "delta_quality": 0.030000000000000027,
    "delta_cost": -0.11847427532777065,
    "delta_latency": 0.007035309625712735,
    "delta_manual_intervention": -0.01999999999999999
  }
}
