{
  "environment": "claude-code",
  "A": {
    "total_tasks": 100,
    "quality_pass_rate": 0.89,
    "cost_per_task": 2.43761339,
    "p95_task_latency": 7.111421,
    "manual_intervention_rate": 0.11
  },
  "B": {
    "total_tasks": 100,
    "quality_pass_rate": 0.93,
    "cost_per_task": 2.14623089,
    "p95_task_latency": 7.243719,
    "manual_intervention_rate": 0.09
  },
  "deltas": {
    "delta_quality": 0.040000000000000036,
    "delta_cost": -0.11953597777045362,
    "delta_latency": 0.01860359554018804,
    "delta_manual_intervention": -0.020000000000000004
  }
}
