{
  "__bundle__": {
    "quality": 0.01967355664126151,
    "cost": -0.6408158895525609,
    "latency": -0.09917139862239999,
    "manual": -0.10395475068840147
  }
}
