{
  "__bundle__": {
    "quality": 0.020704372554989164,
    "cost": -0.6624923059045049,
    "latency": -0.07793219371902482,
    "manual": -0.11201936521032686
  }
}
