{
  "__bundle__": {
    "quality": 0.019556456338590374,
    "cost": -0.6373864138769931,
    "latency": -0.10344311774172577,
    "manual": -0.10409417024560745
  }
}
