{
  "__bundle__": {
    "quality": 0.017932636787041406,
    "cost": -0.6161653263369189,
    "latency": -0.10542951071752382,
    "manual": -0.105198161886354
  }
}
