{
  "decision": "KEEP",
  "reasons": [
    "quality non-inferior in both environments with cost improvement/neutrality"
  ],
  "combined_deltas": {
    "delta_quality": 0.16666666666666663,
    "delta_cost": -0.12005954226839251,
    "delta_latency": -0.08741261463895166,
    "delta_manual_intervention": -0.08333333333333333
  }
}
