{
  "environment": "claude-code",
  "A": {
    "total_tasks": 6,
    "quality_pass_rate": 1.0,
    "cost_per_task": 2.028086,
    "p95_task_latency": 7.126582,
    "manual_intervention_rate": 0.16666666666666666
  },
  "B": {
    "total_tasks": 6,
    "quality_pass_rate": 1.0,
    "cost_per_task": 1.8134736666666667,
    "p95_task_latency": 6.710486,
    "manual_intervention_rate": 0.0
  },
  "deltas": {
    "delta_quality": 0.0,
    "delta_cost": -0.10582013451763554,
    "delta_latency": -0.05838647475044833,
    "delta_manual_intervention": -0.16666666666666666
  }
}
