{
  "A": {
    "total_tasks": 12,
    "quality_pass_rate": 0.8333333333333334,
    "cost_per_task": 1.9882794166666666,
    "p95_task_latency": 7.5127714999999995,
    "manual_intervention_rate": 0.16666666666666666
  },
  "B": {
    "total_tasks": 12,
    "quality_pass_rate": 1.0,
    "cost_per_task": 1.7495675000000002,
    "p95_task_latency": 6.856060500000001,
    "manual_intervention_rate": 0.08333333333333333
  },
  "deltas": {
    "delta_quality": 0.16666666666666663,
    "delta_cost": -0.12005954226839251,
    "delta_latency": -0.08741261463895166,
    "delta_manual_intervention": -0.08333333333333333
  }
}
