{
  "environment": "codex",
  "A": {
    "total_tasks": 6,
    "quality_pass_rate": 0.6666666666666666,
    "cost_per_task": 1.9484728333333334,
    "p95_task_latency": 7.898961,
    "manual_intervention_rate": 0.16666666666666666
  },
  "B": {
    "total_tasks": 6,
    "quality_pass_rate": 1.0,
    "cost_per_task": 1.6856613333333332,
    "p95_task_latency": 7.001635,
    "manual_intervention_rate": 0.16666666666666666
  },
  "deltas": {
    "delta_quality": 0.33333333333333337,
    "delta_cost": -0.13488076174528832,
    "delta_latency": -0.11360051024432195,
    "delta_manual_intervention": 0.0
  }
}
