{
  "__bundle__": {
    "quality": 0.021484651114969083,
    "cost": -0.6411513973663234,
    "latency": -0.07888316956930641,
    "manual": -0.11269495019467338
  }
}
